name,qid,sitelinks,burial,lat,lon,image_url,source_url,existing_site_match
Mother Teresa,Q30547,199,Mother House Of The Missionaries Of Charity,22.553067423,88.363666479,http://commons.wikimedia.org/wiki/Special:FilePath/MotherTeresa%20090.jpg,https://www.wikidata.org/wiki/Q30547,
Charlemagne,Q3044,186,Palatine Chapel in Aachen,50.7747,6.08444,http://commons.wikimedia.org/wiki/Special:FilePath/Charlemagne%20denier%20Mayence%20812%20814.jpg,https://www.wikidata.org/wiki/Q3044,
Antoni Gaudí,Q25328,131,Basilica and Expiatory Church of the Holy Family,41.40369,2.17433,http://commons.wikimedia.org/wiki/Special:FilePath/Gaud%C3%AD%20%281878%29.jpg,https://www.wikidata.org/wiki/Q25328,
John Paul I,Q37278,125,Vatican Grotto,41.90222222,12.45333333,http://commons.wikimedia.org/wiki/Special:FilePath/Paus%20Johannes%20Paulus%20I%20%28Bestanddeelnr%20929-9074%29%20%28cropped%29.jpg,https://www.wikidata.org/wiki/Q37278,
Pius XII,Q2604,122,Vatican Grotto,41.90222222,12.45333333,http://commons.wikimedia.org/wiki/Special:FilePath/Pius%20XII%20with%20tabard%2C%20by%20Michael%20Pitcairn%2C%201951%20%28retouched%29.jpg,https://www.wikidata.org/wiki/Q2604,
Gregory I,Q42827,112,St. Peter's Basilica,41.902222222,12.453416666,http://commons.wikimedia.org/wiki/Special:FilePath/Pope%20Gregory%20I%20illustration.jpg,https://www.wikidata.org/wiki/Q42827,St. Peter's Basilica
Clement,Q42887,110,Basilica of San Clemente,41.88929503,12.49756288,http://commons.wikimedia.org/wiki/Special:FilePath/Clemens%20Romanus.jpg,https://www.wikidata.org/wiki/Q42887,Basilica of San Clemente
Pius IX,Q43720,109,Tomb of Pius IX,41.9024909,12.5203729,http://commons.wikimedia.org/wiki/Special:FilePath/Pius%20IX%2C%20by%20Adolphe%20Braun%2C%201875.jpg,https://www.wikidata.org/wiki/Q43720,
Isabella I of Castile,Q45859,104,Royal Chapel of Granada,37.175986111,-3.599036111,http://commons.wikimedia.org/wiki/Special:FilePath/Juan%20de%20Flandes%20-%20Isabel%20la%20Cat%C3%B3lica%20%28Palacio%20Real%2C%20Madrid%2C%201500-04.%20%C3%93leo%20sobre%20tabla%2C%2063%20x%2055%20cm%29.jpg,https://www.wikidata.org/wiki/Q45859,
Linus,Q47144,98,St. Peter's Basilica,41.902222222,12.453416666,http://commons.wikimedia.org/wiki/Special:FilePath/2-St.Linus.jpg,https://www.wikidata.org/wiki/Q47144,St. Peter's Basilica
Pius VII,Q124754,97,St. Peter's Basilica,41.902222222,12.453416666,http://commons.wikimedia.org/wiki/Special:FilePath/Jacques-Louis%20David%20018.jpg,https://www.wikidata.org/wiki/Q124754,St. Peter's Basilica
Urban II,Q30578,97,St. Peter's Basilica,41.902222222,12.453416666,http://commons.wikimedia.org/wiki/Special:FilePath/Urbano%20II%20in%20consacrazione%20de%20l%27altare%20del%20monastero%20di%20Cluny%20%28detail%29.png,https://www.wikidata.org/wiki/Q30578,St. Peter's Basilica
Albertus Magnus,Q60059,94,St. Andreas Church,50.941869,6.954911,http://commons.wikimedia.org/wiki/Special:FilePath/Tommaso%20da%20modena%2C%20ritratti%20di%20domenicani%20%28vescovo%29%201352%20150cm%2C%20treviso%2C%20ex%20convento%20di%20san%20niccol%C3%B2%2C%20sala%20del%20capitolo.jpg,https://www.wikidata.org/wiki/Q60059,
Louis IX of France,Q346,94,Basilica of Saint-Denis,48.935555555,2.359722222,http://commons.wikimedia.org/wiki/Special:FilePath/Premier%20sceau%20de%20majest%C3%A9%20de%20Louis%20IX%20d%C3%A9tour%C3%A9.png,https://www.wikidata.org/wiki/Q346,Basilica of Saint-Denis
Boethius,Q102851,93,San Pietro in Ciel d'Oro,45.191277777,9.154944444,http://commons.wikimedia.org/wiki/Special:FilePath/Boethius%20initial%20consolation%20philosophy.jpg,https://www.wikidata.org/wiki/Q102851,San Pietro in Ciel d'Oro (Tomb of St. Augustine)
Thomas the Apostle,Q43669,93,San Thome Basilica,13.0336,80.277831,http://commons.wikimedia.org/wiki/Special:FilePath/The%20Incredulity%20of%20Saint%20Thomas-Caravaggio%20%281601-2%29.jpg,https://www.wikidata.org/wiki/Q43669,San Thome Basilica (Tomb of St. Thomas)
Anacletus,Q80450,92,St. Peter's Basilica,41.902222222,12.453416666,http://commons.wikimedia.org/wiki/Special:FilePath/Pope%20Anacletus.jpg,https://www.wikidata.org/wiki/Q80450,St. Peter's Basilica
Anselm of Canterbury,Q43939,92,Canterbury Cathedral,51.279811,1.083001,http://commons.wikimedia.org/wiki/Special:FilePath/Anselm-CanterburyVit.jpg,https://www.wikidata.org/wiki/Q43939,Canterbury Cathedral (Tomb of St. Anselm)
Julius Nyerere,Q186525,90,Mara Region,-1.75,34.0,http://commons.wikimedia.org/wiki/Special:FilePath/President%20Nyerere%20van%20Tanzania%2C%20koppen%2C%20Bestanddeelnr%20928-2879%20%28cropped%29.jpg,https://www.wikidata.org/wiki/Q186525,
Sylvester I,Q47149,89,Catacomb of Priscilla,41.9297,12.5087,http://commons.wikimedia.org/wiki/Special:FilePath/Sylvester%20I.jpg,https://www.wikidata.org/wiki/Q47149,
Alexander I,Q80028,87,Freising Cathedral,48.39892653,11.746495305,http://commons.wikimedia.org/wiki/Special:FilePath/Sanctus%20Alexander%20Papa%20Sancta%20Maria%20Antiqua%28cropped%29.jpg,https://www.wikidata.org/wiki/Q80028,
Bede,Q154938,87,Durham Cathedral,54.77347539,-1.576214961,http://commons.wikimedia.org/wiki/Special:FilePath/Man%20writing%20Corpus%20Christi%20College%20Cambridge%20MS.%20389.jpg,https://www.wikidata.org/wiki/Q154938,
Evaristus,Q47746,87,Vatican Necropolis,41.902301,12.453293,http://commons.wikimedia.org/wiki/Special:FilePath/Evaristus%20at%20St%20Paul.gif,https://www.wikidata.org/wiki/Q47746,
Christina of Sweden,Q52937,86,St. Peter's Basilica,41.902222222,12.453416666,http://commons.wikimedia.org/wiki/Special:FilePath/Queen%20Christina%20%28S%C3%A9bastien%20Bourdon%29%20-%20Nationalmuseum%20-%2018075FXD.jpg,https://www.wikidata.org/wiki/Q52937,St. Peter's Basilica
Gregory II,Q103321,86,St. Peter's Basilica,41.902222222,12.453416666,http://commons.wikimedia.org/wiki/Special:FilePath/Greg2.jpg,https://www.wikidata.org/wiki/Q103321,St. Peter's Basilica
Leo III,Q132086,86,St. Peter's Basilica,41.902222222,12.453416666,http://commons.wikimedia.org/wiki/Special:FilePath/Pope%20Leo%20III%20%E2%80%93%20Triclinium%20Leoninum.jpg,https://www.wikidata.org/wiki/Q132086,St. Peter's Basilica
Sixtus I,Q81634,86,St. Peter's Basilica,41.902222222,12.453416666,http://commons.wikimedia.org/wiki/Special:FilePath/Pope%20Sixtus%20I.jpg,https://www.wikidata.org/wiki/Q81634,St. Peter's Basilica
Eleuterus,Q101090,84,St. Peter's Basilica,41.902222222,12.453416666,http://commons.wikimedia.org/wiki/Special:FilePath/Eleutherius.jpg,https://www.wikidata.org/wiki/Q101090,St. Peter's Basilica
Gelasius I,Q162135,84,St. Peter's Basilica,41.902222222,12.453416666,http://commons.wikimedia.org/wiki/Special:FilePath/Pope%20Gelasius%20I.jpg,https://www.wikidata.org/wiki/Q162135,St. Peter's Basilica
Gregory III,Q103268,84,St. Peter's Basilica,41.902222222,12.453416666,http://commons.wikimedia.org/wiki/Special:FilePath/178-7866%20IMG%20-%20Gregorius%20III%20AV.png,https://www.wikidata.org/wiki/Q103268,St. Peter's Basilica
Urban I,Q125631,84,Catacomb of Callixtus,41.85887778,12.51105833,http://commons.wikimedia.org/wiki/Special:FilePath/Pope%20Urban%20I.jpg,https://www.wikidata.org/wiki/Q125631,Catacomb of Callixtus (Relics of St. Cornelius)
Hyginus,Q80604,83,St. Peter's Basilica,41.902222222,12.453416666,http://commons.wikimedia.org/wiki/Special:FilePath/Pope%20Hyginus%20in%20St%20Paul.gif,https://www.wikidata.org/wiki/Q80604,St. Peter's Basilica
Julius I,Q103101,83,Santa Maria in Trastevere,41.889444,12.469722,http://commons.wikimedia.org/wiki/Special:FilePath/Pope%20Julius%20I%20%E2%80%93%20Santa%20Maria%20in%20Trastevere.jpg,https://www.wikidata.org/wiki/Q103101,
Pius I,Q83198,83,St. Peter's Basilica,41.902222222,12.453416666,http://commons.wikimedia.org/wiki/Special:FilePath/Pope%20Pius%20I.jpg,https://www.wikidata.org/wiki/Q83198,St. Peter's Basilica
Telesphorus,Q81647,83,St. Peter's Basilica,41.902222222,12.453416666,http://commons.wikimedia.org/wiki/Special:FilePath/Pope%20Telesphorus.jpg,https://www.wikidata.org/wiki/Q81647,St. Peter's Basilica
Benedict II,Q163787,81,St. Peter's Basilica,41.902222222,12.453416666,http://commons.wikimedia.org/wiki/Special:FilePath/BenedictII.jpg,https://www.wikidata.org/wiki/Q163787,St. Peter's Basilica
Benedict XIII,Q155971,81,Santa Maria sopra Minerva,41.898055555,12.478333333,http://commons.wikimedia.org/wiki/Special:FilePath/Benedetto%20XIII.jpg,https://www.wikidata.org/wiki/Q155971,
Celestine V,Q118081,81,Basilica of St. Mary of Collemaggio,42.342777777,13.404722222,http://commons.wikimedia.org/wiki/Special:FilePath/Celestine%20V%20Castel%20Nuovo%20Napoli%20n02.jpg,https://www.wikidata.org/wiki/Q118081,
Hormisdas,Q160931,81,St. Peter's Basilica,41.902222222,12.453416666,http://commons.wikimedia.org/wiki/Special:FilePath/Pope%20Hormisdas.jpg,https://www.wikidata.org/wiki/Q160931,St. Peter's Basilica
Paul I,Q103404,81,St. Peter's Basilica,41.902222222,12.453416666,http://commons.wikimedia.org/wiki/Special:FilePath/Paus%20Paulus%20I%20Paulus%20primus%20%28titel%20op%20object%29%20Liber%20Chronicarum%20%28serietitel%2C%20RP-P-2016-49-56-10%29.jpg,https://www.wikidata.org/wiki/Q103404,St. Peter's Basilica
Callixtus I,Q122376,80,Santa Maria in Trastevere,41.889444,12.469722,http://commons.wikimedia.org/wiki/Special:FilePath/Fresco%20of%20Pope%20Callixtus%20I%20-%20Basilica%20of%20Saint%20Paul%20Outside%20the%20Walls%20%28Before%201823%29.jpg,https://www.wikidata.org/wiki/Q122376,
Lucius I,Q132793,80,Catacomb of Callixtus,41.85887778,12.51105833,http://commons.wikimedia.org/wiki/Special:FilePath/Fresco%20of%20Pope%20Lucius%20I%20-%20Basilica%20of%20Saint%20Paul%20Outside%20the%20Walls%20%28Before%201823%29.jpg,https://www.wikidata.org/wiki/Q132793,Catacomb of Callixtus (Relics of St. Cornelius)
Soter,Q101280,80,St. Peter's Basilica,41.902222222,12.453416666,http://commons.wikimedia.org/wiki/Special:FilePath/Pope%20Soterius.gif,https://www.wikidata.org/wiki/Q101280,St. Peter's Basilica
Adrian III,Q172398,79,Abbazia di San Silvestro,44.677972,11.043361,http://commons.wikimedia.org/wiki/Special:FilePath/Adrianus%20III%20%28Saint%20Paul%20Outside%20the%20Walls%29.png,https://www.wikidata.org/wiki/Q172398,
Felix IV,Q162080,79,St. Peter's Basilica,41.902222222,12.453416666,http://commons.wikimedia.org/wiki/Special:FilePath/Mosaic%20of%20Felix%20IV%20in%20Santi%20Cosma%20e%20Damiano%2C%20Rome%2C%20Italy%20%28cropped%2Crotated%29.jpg,https://www.wikidata.org/wiki/Q162080,St. Peter's Basilica
Innocent I,Q134694,79,Stiftskirche St. Anastasius und St. Innocentius,51.8704,10.0261,http://commons.wikimedia.org/wiki/Special:FilePath/Fresco%20of%20Pope%20Innocent%20I%20-%20Basilica%20of%20Saint%20Paul%20Outside%20the%20Walls%20%28Before%201823%29.png,https://www.wikidata.org/wiki/Q134694,
John II,Q168736,79,St. Peter's Basilica,41.902222222,12.453416666,http://commons.wikimedia.org/wiki/Special:FilePath/Johannes%20II.jpg,https://www.wikidata.org/wiki/Q168736,St. Peter's Basilica
Leo IV,Q228205,79,St. Peter's Basilica,41.902222222,12.453416666,http://commons.wikimedia.org/wiki/Special:FilePath/PopeLeoIV%20%28cropped%29.jpg,https://www.wikidata.org/wiki/Q228205,St. Peter's Basilica
Stephen I,Q134666,79,Hvar Cathedral,43.172182001,16.443159623,http://commons.wikimedia.org/wiki/Special:FilePath/Pope%20Stephen%20I.jpg,https://www.wikidata.org/wiki/Q134666,
Urban V,Q133046,79,Abbey of St. Victor,43.290277777,5.365555555,http://commons.wikimedia.org/wiki/Special:FilePath/Simone%20dei%20crocifissi%2C%20urbano%20V%2C%201375%20ca.%2C%20forse%20dalla%20cattedrale%20di%20s.%20pietro%2001%20%28cropped%29.jpg,https://www.wikidata.org/wiki/Q133046,
Anterus,Q132100,78,Catacomb of Callixtus,41.85887778,12.51105833,http://commons.wikimedia.org/wiki/Special:FilePath/Pietro%20Perugino%20%E2%80%93%20Anterus.jpg,https://www.wikidata.org/wiki/Q132100,Catacomb of Callixtus (Relics of St. Cornelius)
Eutychian,Q162972,78,Catacomb of Callixtus,41.85887778,12.51105833,http://commons.wikimedia.org/wiki/Special:FilePath/27-St.Eutychian.jpg,https://www.wikidata.org/wiki/Q162972,Catacomb of Callixtus (Relics of St. Cornelius)
John Duns Scotus,Q190089,78,Church of the Immaculate Conception of the Blessed Virgin Mary in Cologne,50.9392,6.95528,http://commons.wikimedia.org/wiki/Special:FilePath/Scoto%20%28Duns%20Scoto%29.jpg,https://www.wikidata.org/wiki/Q190089,
Leo II,Q103328,78,St. Peter's Basilica,41.902222222,12.453416666,http://commons.wikimedia.org/wiki/Special:FilePath/LeoII.jpg,https://www.wikidata.org/wiki/Q103328,St. Peter's Basilica
Thomas à Kempis,Q220976,78,Overijssel,52.5,6.5,http://commons.wikimedia.org/wiki/Special:FilePath/Portret%20van%20Thomas%20%C3%A0%20Kempis%2C%20RP-P-OB-26.661.jpg,https://www.wikidata.org/wiki/Q220976,
Zosimus,Q162571,78,Basilica of Saint Lawrence Outside the Walls,41.902534177,12.52054723,http://commons.wikimedia.org/wiki/Special:FilePath/Pope%20Zosimus%20portrait%20%E2%80%93%20Nuremberg%20chronicles%20%28f%20133v%201%29.jpg,https://www.wikidata.org/wiki/Q162571,
Adeodatus II,Q103396,77,St. Peter's Basilica,41.902222222,12.453416666,http://commons.wikimedia.org/wiki/Special:FilePath/Adeodatus%20II.jpg,https://www.wikidata.org/wiki/Q103396,St. Peter's Basilica
Callixtus II,Q170654,77,Archbasilica of St. John Lateran,41.885905555,12.506155555,http://commons.wikimedia.org/wiki/Special:FilePath/Calixtus%20II.jpg,https://www.wikidata.org/wiki/Q170654,
Edith Stein,Q76749,77,Auschwitz,50.035833333,19.178333333,http://commons.wikimedia.org/wiki/Special:FilePath/Edith%20Stein%20%28ca.%201938-1939%29.jpg,https://www.wikidata.org/wiki/Q76749,
Eugene III,Q167610,77,Archbasilica of St. John Lateran,41.885905555,12.506155555,http://commons.wikimedia.org/wiki/Special:FilePath/B%20Eugen%20III.jpg,https://www.wikidata.org/wiki/Q167610,
Felix I,Q134687,77,Catacomb of Callixtus,41.85887778,12.51105833,http://commons.wikimedia.org/wiki/Special:FilePath/Pope%20Felix%20I.jpg,https://www.wikidata.org/wiki/Q134687,Catacomb of Callixtus (Relics of St. Cornelius)
Fra Angelico,Q5664,77,Santa Maria sopra Minerva,41.898055555,12.478333333,http://commons.wikimedia.org/wiki/Special:FilePath/Fra%20Angelico%20portrait.jpg,https://www.wikidata.org/wiki/Q5664,
Leo IX,Q58559,77,St. Peter's Basilica,41.902222222,12.453416666,http://commons.wikimedia.org/wiki/Special:FilePath/Leon%20IX.jpg,https://www.wikidata.org/wiki/Q58559,St. Peter's Basilica
Sergius I,Q173086,77,St. Peter's Basilica,41.902222222,12.453416666,http://commons.wikimedia.org/wiki/Special:FilePath/Pope-Sergius-I.jpg,https://www.wikidata.org/wiki/Q173086,St. Peter's Basilica
Simplicius,Q168741,77,St. Peter's Basilica,41.902222222,12.453416666,http://commons.wikimedia.org/wiki/Special:FilePath/Pope%20Simplicius%20%28Nuremberg%20Chronicles%29.png,https://www.wikidata.org/wiki/Q168741,St. Peter's Basilica
Stephen III,Q320531,77,St. Peter's Basilica,41.902222222,12.453416666,http://commons.wikimedia.org/wiki/Special:FilePath/Pope%20Stephen%20III%20%282%29.jpg,https://www.wikidata.org/wiki/Q320531,St. Peter's Basilica
Symmachus,Q160935,77,St. Peter's Basilica,41.902222222,12.453416666,http://commons.wikimedia.org/wiki/Special:FilePath/Pope%20Symmachus%20-%20Apse%20mosaic%20-%20Sant%27Agnese%20fuori%20le%20mura%20-%20Rome%202016.jpg,https://www.wikidata.org/wiki/Q160935,St. Peter's Basilica
Adeodatus I,Q170550,76,Saint Bartholomew church,45.299652777,11.660858333,http://commons.wikimedia.org/wiki/Special:FilePath/Adeodatus.%20Adeodato%20I%20%E2%80%93%20cropped.jpg,https://www.wikidata.org/wiki/Q170550,
Agapetus I,Q160900,76,St. Peter's Basilica,41.902222222,12.453416666,http://commons.wikimedia.org/wiki/Special:FilePath/Agapitus%20I.jpg,https://www.wikidata.org/wiki/Q160900,St. Peter's Basilica
Agatho,Q104467,76,St. Peter's Basilica,41.902222222,12.453416666,http://commons.wikimedia.org/wiki/Special:FilePath/Pope%20Agatho%20%28Menologion%20of%20Basil%20II%29%20-%20cropped.jpg,https://www.wikidata.org/wiki/Q104467,St. Peter's Basilica
Anastasius I,Q134682,76,Catacomb of Pontian,41.877506,12.463049,http://commons.wikimedia.org/wiki/Special:FilePath/Anastasius%20I.jpg,https://www.wikidata.org/wiki/Q134682,
Gregory X,Q161740,76,Arezzo Cathedral,43.466997222,11.883172222,http://commons.wikimedia.org/wiki/Special:FilePath/Gregory%20X%2C%20Buffalmacco%2C%20Arezzo%20Cathedral.jpg,https://www.wikidata.org/wiki/Q161740,
Nicholas I,Q170503,76,St. Peter's Basilica,41.902222222,12.453416666,http://commons.wikimedia.org/wiki/Special:FilePath/Pope%20Nicholas%20I.jpg,https://www.wikidata.org/wiki/Q170503,St. Peter's Basilica
Zachary,Q139467,76,St. Peter's Basilica,41.902222222,12.453416666,http://commons.wikimedia.org/wiki/Special:FilePath/Et%C3%A0%20di%20papa%20Zaccaria%2C%20cappella%20del%20primicerius%20Teodoro%2C%20Madonna%20in%20trono%20con%20Theodoto%20e%20la%20moglie%2C%20741-752%20%2809%29.jpg,https://www.wikidata.org/wiki/Q139467,St. Peter's Basilica
Alcide De Gasperi,Q153832,75,Basilica of Saint Lawrence Outside the Walls,41.902534177,12.52054723,http://commons.wikimedia.org/wiki/Special:FilePath/Alcide%20De%20Gasperi%202.jpg,https://www.wikidata.org/wiki/Q153832,
Caius,Q160882,75,Catacomb of Callixtus,41.85887778,12.51105833,http://commons.wikimedia.org/wiki/Special:FilePath/PCaius.jpg,https://www.wikidata.org/wiki/Q160882,Catacomb of Callixtus (Relics of St. Cornelius)
Robert Schuman,Q15981,75,Église Saint-Quentin,49.1111,6.11139,http://commons.wikimedia.org/wiki/Special:FilePath/Robert%20Schuman%201958.jpg,https://www.wikidata.org/wiki/Q15981,
Stephen IV,Q193854,75,St. Peter's Basilica,41.902222222,12.453416666,http://commons.wikimedia.org/wiki/Special:FilePath/Pope%20Stephen%20IV%20%282%29.jpg,https://www.wikidata.org/wiki/Q193854,St. Peter's Basilica
Vitalian,Q199612,75,St. Peter's Basilica,41.902222222,12.453416666,http://commons.wikimedia.org/wiki/Special:FilePath/Pope%20Vitalian.jpg,https://www.wikidata.org/wiki/Q199612,St. Peter's Basilica
Benedict XI,Q169301,74,San Domenico,43.10659,12.39176,http://commons.wikimedia.org/wiki/Special:FilePath/39%20Benedetto%20XI.jpg,https://www.wikidata.org/wiki/Q169301,
Eusebius,Q160514,74,Catacomb of Callixtus,41.85887778,12.51105833,http://commons.wikimedia.org/wiki/Special:FilePath/Eusebius.jpg,https://www.wikidata.org/wiki/Q160514,Catacomb of Callixtus (Relics of St. Cornelius)
Francis de Sales,Q231256,74,Annecy,45.899166666,6.129444444,http://commons.wikimedia.org/wiki/Special:FilePath/Ch%C3%A2teau%20de%20Bussy-Rabutin%20-%20Saint%20Fran%C3%A7ois%20de%20Sales%2C%20%C3%A9v%C3%AAque%20de%20Gen%C3%A8ve%20%28bgw19%200375%29%20%28cropped%29.jpg,https://www.wikidata.org/wiki/Q231256,Basilica of the Visitation (Tomb of St. Francis of Sales)
Marcellus I,Q102131,74,Catacomb of Priscilla,41.9297,12.5087,http://commons.wikimedia.org/wiki/Special:FilePath/Pope%20Marcellus%20I.jpg,https://www.wikidata.org/wiki/Q102131,
Ramon Llull,Q193660,74,Basilica of St. Francis,39.56888889,2.65305556,http://commons.wikimedia.org/wiki/Special:FilePath/Ramon%20Llull.jpg,https://www.wikidata.org/wiki/Q193660,
Celestine IV,Q171238,73,St. Peter's Basilica,41.902222222,12.453416666,,https://www.wikidata.org/wiki/Q171238,St. Peter's Basilica
Innocent V,Q170871,73,Archbasilica of St. John Lateran,41.885905555,12.506155555,http://commons.wikimedia.org/wiki/Special:FilePath/InnocenzoV.jpg,https://www.wikidata.org/wiki/Q170871,
Stephen I of Hungary,Q177903,73,Székesfehérvár,47.1910169,18.410811,http://commons.wikimedia.org/wiki/Special:FilePath/St.%20Stephen%2C%20Esztergom.jpg,https://www.wikidata.org/wiki/Q177903,
Charles I of Austria,Q51068,72,Igreja de Nossa Senhora do Monte,32.675966,-16.902533,http://commons.wikimedia.org/wiki/Special:FilePath/Emperor%20karl%20of%20austria-hungary%201917.png,https://www.wikidata.org/wiki/Q51068,
Hilarius,Q172377,72,Basilica of Saint Lawrence Outside the Walls,41.902534177,12.52054723,http://commons.wikimedia.org/wiki/Special:FilePath/Nuremberg%20chronicles%20-%20Hilarius%2C%20Pope%20%28CXXXVIv%29.jpg,https://www.wikidata.org/wiki/Q172377,
Edward the Confessor,Q130005,70,Westminster Abbey,51.4994,-0.127367,http://commons.wikimedia.org/wiki/Special:FilePath/Bayeux%20Tapestry%20scene1%20EDWARD%20REX.jpg,https://www.wikidata.org/wiki/Q130005,
Gelasius II,Q180882,70,Cluny Abbey,46.434051,4.659221,http://commons.wikimedia.org/wiki/Special:FilePath/GelasioII.gif,https://www.wikidata.org/wiki/Q180882,
Stephen IX,Q58568,70,"Santa Reparata, Florence",43.773464,11.25653,http://commons.wikimedia.org/wiki/Special:FilePath/Paus%20Stefanus%20IX%20Stephanus%20nonus%20%28titel%20op%20object%29%20Liber%20Chronicarum%20%28serietitel%29%2C%20RP-P-2016-49-67-5.svg,https://www.wikidata.org/wiki/Q58568,
Victor III,Q227724,70,Abbey of Monte Cassino,41.49,13.814,http://commons.wikimedia.org/wiki/Special:FilePath/Victor%20III.%20-%20Desiderius%20of%20Montecassino.jpg,https://www.wikidata.org/wiki/Q227724,Monte Cassino Abbey (Tomb of St. Benedict)
Bartolomé de las Casas,Q207416,69,Basilica of Nuestra Señora de Atocha,40.4055,-3.6837,http://commons.wikimedia.org/wiki/Special:FilePath/Fray%20Bartolom%C3%A9%20de%20las%20Casas.jpg,https://www.wikidata.org/wiki/Q207416,
Baudouin I of Belgium,Q12976,69,Royal Crypt,50.8792226,4.3553768,http://commons.wikimedia.org/wiki/Special:FilePath/King%20Baudouin%20of%20Belgium.jpg,https://www.wikidata.org/wiki/Q12976,
Clare of Assisi,Q191107,69,Basilica di Santa Chiara,43.06888889,12.61694444,http://commons.wikimedia.org/wiki/Special:FilePath/Simone%20Martini%20047.jpg,https://www.wikidata.org/wiki/Q191107,
Thomas Becket,Q192236,68,Canterbury Cathedral,51.279811,1.083001,http://commons.wikimedia.org/wiki/Special:FilePath/BecketHenryII%20%28Thomas%20Becket%29.jpg,https://www.wikidata.org/wiki/Q192236,Canterbury Cathedral (Tomb of St. Anselm)
Matthias the Apostle,Q44020,67,Abbey of Santa Giustina,45.396388888,11.879722222,http://commons.wikimedia.org/wiki/Special:FilePath/Saint%20Matthias.PNG,https://www.wikidata.org/wiki/Q44020,
Alcuin,Q154332,66,Q19817291,47.393061111,0.682780555,http://commons.wikimedia.org/wiki/Special:FilePath/Raban-Maur%20Alcuin%20Otgar.jpg,https://www.wikidata.org/wiki/Q154332,
"Henry II, Holy Roman Emperor",Q103556,65,Bamberg Cathedral,49.890703,10.882533,http://commons.wikimedia.org/wiki/Special:FilePath/Waldburg%20Pfarrkirche%20Magnusaltar%20HeinrichII.jpg,https://www.wikidata.org/wiki/Q103556,
Agnes of Rome,Q210096,64,Sant'Agnese fuori le mura,41.922917,12.518878,http://commons.wikimedia.org/wiki/Special:FilePath/Santa%20Agnese%20-%20mosaico%20Santa%20Agnese%20fuori%20le%20mura.jpg,https://www.wikidata.org/wiki/Q210096,Basilica of Sant'Agnese fuori le mura
Matteo Ricci,Q233340,64,Zhalan Cemetery,39.93016,116.3399,http://commons.wikimedia.org/wiki/Special:FilePath/%E5%88%A9%E7%8E%9B%E7%AA%A6%E5%83%8F%EF%BC%8C%E6%B8%B8%E6%96%87%E8%BE%89%E7%BB%98.jpg,https://www.wikidata.org/wiki/Q233340,
Santa Faustina Kowalska,Q18978,63,Chapel of St. Joseph in Kraków,50.02105,19.93669,http://commons.wikimedia.org/wiki/Special:FilePath/Saint%20Faustyna%20Kowalska%20portrait%20%281931%29.jpg,https://www.wikidata.org/wiki/Q18978,
Thomas Cranmer,Q199894,63,Martyrs' Memorial,51.7551,-1.25901,http://commons.wikimedia.org/wiki/Special:FilePath/Thomas%20Cranmer%20by%20Gerlach%20Flicke.jpg,https://www.wikidata.org/wiki/Q199894,
Joseph of Anchieta,Q317126,61,Colonial Brazil,-12.970833333,-38.510833333,http://commons.wikimedia.org/wiki/Special:FilePath/Oscar%20Pereira%20da%20Silva%20-%20Retrato%20de%20Anchieta%2C%20Acervo%20do%20Museu%20Paulista%20da%20USP.jpg,https://www.wikidata.org/wiki/Q317126,
Jadwiga I of Poland,Q53449,60,Wawel Cathedral,50.054638888,19.935416666,http://commons.wikimedia.org/wiki/Special:FilePath/Jadwiga%20by%20Bacciarelli.jpg,https://www.wikidata.org/wiki/Q53449,Wawel Cathedral (Tomb of St. Stanislas)
Edgar of England,Q192925,59,Glastonbury Abbey,51.146706,-2.715006,http://commons.wikimedia.org/wiki/Special:FilePath/New%20Minster%20Charter%20966%20detail%20Edgar.jpg,https://www.wikidata.org/wiki/Q192925,
Jean-Marie Vianney,Q243816,55,Basilique d'Ars,45.992371,4.823073,http://commons.wikimedia.org/wiki/Special:FilePath/Sermentizon%20vianney.jpg,https://www.wikidata.org/wiki/Q243816,
David I of Scotland,Q216787,54,Dunfermline Abbey,56.0697028,-3.463541394,http://commons.wikimedia.org/wiki/Special:FilePath/Malcolm%20IV%2C%20King%20of%20Scotland%2C%20charter%20to%20Kelso%20Abbey%2C%201159%2C%20initial%20%28crop%20David%20I%29.jpg,https://www.wikidata.org/wiki/Q216787,
Edward the Martyr,Q192920,54,Wareham,50.685,-2.108,http://commons.wikimedia.org/wiki/Special:FilePath/Edward%20the%20Martyr%20-%20MS%20Royal%2014%20B%20VI.jpg,https://www.wikidata.org/wiki/Q192920,
Ferdinand III of Castille,Q243122,54,Seville Cathedral,37.385742159,-5.993095562,http://commons.wikimedia.org/wiki/Special:FilePath/Fernando%20III%20de%20Castilla%2002.jpg,https://www.wikidata.org/wiki/Q243122,
Alphonsus Maria de Liguori,Q273334,53,Salerno,40.680555555,14.759444444,http://commons.wikimedia.org/wiki/Special:FilePath/Liguori.jpg,https://www.wikidata.org/wiki/Q273334,
Dorothy Day,Q150281,52,Cemetery of the Resurrection,40.5142,-74.2092,http://commons.wikimedia.org/wiki/Special:FilePath/Dorothy%20Day%2C%201916%20%28cropped%29.jpg,https://www.wikidata.org/wiki/Q150281,
Nicolas Steno,Q151722,52,Basilica of San Lorenzo,43.775,11.253888888,http://commons.wikimedia.org/wiki/Special:FilePath/Niels%20stensen.png,https://www.wikidata.org/wiki/Q151722,
Ladislaus I of Hungary,Q26486,50,Cathedral Basilica of St. Mary,47.06892,21.93201,http://commons.wikimedia.org/wiki/Special:FilePath/K%C3%A9pes%20kr%C3%B3nika%20-%2093.oldal%20-%20Szent%20L%C3%A1szl%C3%B3%2C%20a%20lovagkir%C3%A1ly.jpg,https://www.wikidata.org/wiki/Q26486,
Father Damien,Q232785,48,Saint Anthony's chapel,50.875961111,4.698469444,http://commons.wikimedia.org/wiki/Special:FilePath/Father%20Damien%2C%20photograph%20by%20William%20Brigham.jpg,https://www.wikidata.org/wiki/Q232785,
"Saint Wenceslaus I, Duke of Bohemia",Q196527,48,St. Vitus Cathedral,50.090833333,14.400555555,http://commons.wikimedia.org/wiki/Special:FilePath/Svat%C3%BD%20V%C3%A1clav%20%C4%8Cesky.jpg,https://www.wikidata.org/wiki/Q196527,
Zita of Bourbon-Parma,Q50926,48,Imperial Crypt,48.205555555,16.369722222,http://commons.wikimedia.org/wiki/Special:FilePath/Zita02502u.jpg,https://www.wikidata.org/wiki/Q50926,
Eleanor of Provence,Q228885,47,Amesbury Abbey,51.1719,-1.78429,http://commons.wikimedia.org/wiki/Special:FilePath/Eleonor%20Provence.jpg,https://www.wikidata.org/wiki/Q228885,
Elena of Montenegro,Q181530,47,Basilica Shrine of Our Lady of Mondovi,44.36336,7.86304,http://commons.wikimedia.org/wiki/Special:FilePath/Bundesarchiv%20Bild%20102-00061%2C%20Elena%20von%20Montenegro.jpg,https://www.wikidata.org/wiki/Q181530,
Guntram,Q295086,46,Chalon-sur-Saône,46.781111111,4.853888888,http://commons.wikimedia.org/wiki/Special:FilePath/Gontran%20et%20Childebert%20II.JPG,https://www.wikidata.org/wiki/Q295086,
Joan of Valois,Q236220,46,Bourges,47.079444444,2.395833333,http://commons.wikimedia.org/wiki/Special:FilePath/Stjeannedevalois.jpg,https://www.wikidata.org/wiki/Q236220,
Adalbert of Prague,Q243427,45,St. Vitus Cathedral,50.090833333,14.400555555,http://commons.wikimedia.org/wiki/Special:FilePath/Votivni%20obraz%20Ocko%20-%20Vojtech%20inverse.jpg,https://www.wikidata.org/wiki/Q243427,
Canute IV of Denmark,Q212284,45,St. Canute's Cathedral,55.3954,10.388988888,http://commons.wikimedia.org/wiki/Special:FilePath/St%20knut%20seal%20%C3%A5land.png,https://www.wikidata.org/wiki/Q212284,
Elizabeth of Aragon,Q235857,44,Monastery of Santa Clara-a-Nova,40.202851,-8.437773,http://commons.wikimedia.org/wiki/Special:FilePath/6-%20Rainha%20D.%20Isabel%20-%20A%20Santa.jpg,https://www.wikidata.org/wiki/Q235857,
Eric IX of Sweden,Q310152,44,Uppsala Cathedral,59.858055555,17.633333333,http://commons.wikimedia.org/wiki/Special:FilePath/Eric%20the%20Holy%20of%20Sweden%20%28crop%29.jpg,https://www.wikidata.org/wiki/Q310152,
Rabanus Maurus,Q160441,44,St. Alban's Abbey,49.99,8.28,http://commons.wikimedia.org/wiki/Special:FilePath/Rabanus%20Maurus.jpg,https://www.wikidata.org/wiki/Q160441,
Clotilde,Q232365,42,Notre-Dame de Paris,48.853,2.3498,http://commons.wikimedia.org/wiki/Special:FilePath/Clotilde.jpg,https://www.wikidata.org/wiki/Q232365,
Radegund,Q236974,42,église Sainte-Radegonde de Poitiers,46.57976,0.351981,http://commons.wikimedia.org/wiki/Special:FilePath/St.%20Radegund%20Saint-Germain%20l%27Auxerrois.jpg,https://www.wikidata.org/wiki/Q236974,
Stefan Wyszyński,Q165522,42,St. John's Archcathedral,52.248888888,21.013611111,http://commons.wikimedia.org/wiki/Special:FilePath/Stefan%20Wyszy%C5%84ski.jpg,https://www.wikidata.org/wiki/Q165522,
Brian Boru,Q272498,41,"St Patrick's Cathedral, Armagh",54.3479,-6.65615,http://commons.wikimedia.org/wiki/Special:FilePath/Brian%20B%C3%B3ruma%20mac%20Cenn%C3%A9tig%20%281723%29%20%28crop%29.jpg,https://www.wikidata.org/wiki/Q272498,
Denis of Paris,Q244380,41,Basilica of Saint-Denis,48.935555555,2.359722222,http://commons.wikimedia.org/wiki/Special:FilePath/Saintdenis.gif,https://www.wikidata.org/wiki/Q244380,Basilica of Saint-Denis
Francis II of the Two Sicilies,Q206223,41,Santa Chiara,40.84688,14.25287,http://commons.wikimedia.org/wiki/Special:FilePath/Francesco%20II%20of%20the%20Two%20Sicilies.JPG,https://www.wikidata.org/wiki/Q206223,
József Mindszenty,Q162655,41,Mariazell Basilica,47.772777777,15.318611111,http://commons.wikimedia.org/wiki/Special:FilePath/J%C3%B3zsef%20Mindszenty.jpg,https://www.wikidata.org/wiki/Q162655,
Theodelinda,Q232525,41,Monza Cathedral,45.58359,9.27567,http://commons.wikimedia.org/wiki/Special:FilePath/Theodelinda%20married%20Agilulf%20%28detail%29.jpg,https://www.wikidata.org/wiki/Q232525,
Brigid of Kildare,Q80979,40,Downpatrick,54.322,-5.703,http://commons.wikimedia.org/wiki/Special:FilePath/Brigid%20of%20Kildare%2C%20Vitrall%2C%201903%20%28Macon%2C%20Georgia%2C%20St.%20Joseph%20Parish%20Church%29.jpg,https://www.wikidata.org/wiki/Q80979,Down Cathedral (Tomb of St. Patrick)
Jacobus de Voragine,Q313460,40,San Domenico,44.360861,8.584542,http://commons.wikimedia.org/wiki/Special:FilePath/Jacques%20de%20Voragine%20pr%C3%AAchant%20-%20L%C3%A9gende%20dor%C3%A9e%20BNF%20Fr244%20f1.jpg,https://www.wikidata.org/wiki/Q313460,
Aloysius Stepinac,Q310505,39,Zagreb Cathedral,45.814444444,15.979722222,http://commons.wikimedia.org/wiki/Special:FilePath/Kardinal%20Alojzije%20Stepinac.jpg,https://www.wikidata.org/wiki/Q310505,
Francisco,Q315640,39,Church of the Minims,47.3779,0.6611,http://commons.wikimedia.org/wiki/Special:FilePath/San%20Francisco%20de%20Paula%2C%20de%20Bartolom%C3%A9%20Esteban%20Murillo%20%28Museo%20del%20Prado%29.jpg,https://www.wikidata.org/wiki/Q315640,
Otto of Freising,Q435942,39,Heiligenkreuz Abbey,48.0551,16.13122,http://commons.wikimedia.org/wiki/Special:FilePath/Bischof%20Otto%20von%20Freising.jpg,https://www.wikidata.org/wiki/Q435942,
Caesar Baronius,Q317900,38,Santa Maria in Vallicella,41.898232876,12.469125706,http://commons.wikimedia.org/wiki/Special:FilePath/Portret%20van%20kardinaal%20Baronius%2C%20onbekend%2C%20schilderij%2C%20Museum%20Plantin-Moretus%20%28Antwerpen%29%20-%20MPM%20V%20IV%20111%20%28cropped%29.jpg,https://www.wikidata.org/wiki/Q317900,
Catherine of Bologna,Q455252,38,"Corpus Domini, Bologna",44.489091,11.339719,http://commons.wikimedia.org/wiki/Special:FilePath/Guglielmo%20Giraldi%20%28Italian%2C%20active%201445%20-%201489%29%20-%20Saint%20Catherine%20of%20Bologna%20-%20Google%20Art%20Project%20%28cropped%29.jpg,https://www.wikidata.org/wiki/Q455252,
Clemens August von Galen,Q76439,38,St.-Paulus-Dom,51.9631,7.62556,http://commons.wikimedia.org/wiki/Special:FilePath/CAvGalenBAMS200612.jpg,https://www.wikidata.org/wiki/Q76439,
Eric IV of Denmark,Q350226,38,St. Bendt's Church,55.4454,11.7872,http://commons.wikimedia.org/wiki/Special:FilePath/Erik%20plovpenning.jpg,https://www.wikidata.org/wiki/Q350226,
"Francis Borgia, 4th Duke of Gandía",Q380092,38,Church of the Gesù,41.895833333,12.479722222,http://commons.wikimedia.org/wiki/Special:FilePath/San%20Francisco%20de%20Borja.jpg,https://www.wikidata.org/wiki/Q380092,Church of the Gesu (Tomb of St. Ignatius of Loyola)
"Maria Cristina of Savoy, Queen of the Two Sicilies",Q14451,38,Santa Chiara,40.84688,14.25287,http://commons.wikimedia.org/wiki/Special:FilePath/Maria%20Cristina%20di%20Savoia%2C%20regina%20delle%20Due%20Sicilie.jpg,https://www.wikidata.org/wiki/Q14451,
Cunigunde of Luxembourg,Q61620,37,Bamberg Cathedral,49.890703,10.882533,http://commons.wikimedia.org/wiki/Special:FilePath/Kunigunde.png,https://www.wikidata.org/wiki/Q61620,
Saint Remigius,Q367208,37,Reims Cathedral,49.253888888,4.034166666,http://commons.wikimedia.org/wiki/Special:FilePath/Statue%20de%20Saint%20Remi%20Basilique%20Reims%20130208.jpg,https://www.wikidata.org/wiki/Q367208,
Hubertus,Q159834,36,St Hubert's Basilica,50.026172,5.374353,http://commons.wikimedia.org/wiki/Special:FilePath/Hubert%20de%20Lieja-Delcour.jpg,https://www.wikidata.org/wiki/Q159834,
Sister Lúcia,Q231103,36,Basilica of Our Lady of the Rosary,39.6321,-8.67179,http://commons.wikimedia.org/wiki/Special:FilePath/Duas%20Entrevistas%20com%20a%20Irm%C3%A3%20L%C3%BAcia%20%28Portugu%C3%AAs%29%20by%20Carlos%20Evaristo%20%28cropped%29.jpg,https://www.wikidata.org/wiki/Q231103,
Anne Catherine Emmerich,Q169321,35,Heilig-Kreuz-Kirche (Dülmen),51.8269,7.2825,http://commons.wikimedia.org/wiki/Special:FilePath/Anna%20Katharina%20Emmerick%20-%20Gabriel%20von%20Max%201885.jpg,https://www.wikidata.org/wiki/Q169321,
Dunstan,Q332130,35,Canterbury Cathedral,51.279811,1.083001,http://commons.wikimedia.org/wiki/Special:FilePath/Saint%20Dunstan.jpg,https://www.wikidata.org/wiki/Q332130,Canterbury Cathedral (Tomb of St. Anselm)
Fulton J. Sheen,Q954398,35,St. Patrick's Cathedral,40.758611111,-73.976388888,http://commons.wikimedia.org/wiki/Special:FilePath/Bishop%20Fulton%20J.%20Sheen%201956.JPG,https://www.wikidata.org/wiki/Q954398,
Hedwig of Silesia,Q57520,35,Sanctuary of St. Jadwiga in Trzebnica,51.30917,17.06667,http://commons.wikimedia.org/wiki/Special:FilePath/Hl%20Hedwig%20Sehnde.JPG,https://www.wikidata.org/wiki/Q57520,
Henry Suso,Q303435,35,Baden-Württemberg,48.537777777,9.041111111,http://commons.wikimedia.org/wiki/Special:FilePath/Heinrich%20v%20Berg.jpg,https://www.wikidata.org/wiki/Q303435,
Saint Ludmila of Bohemia,Q118087,35,St. George's Basilica,50.09111,14.40222,http://commons.wikimedia.org/wiki/Special:FilePath/Pacov%2C%20n%C3%A1m%C4%9Bst%C3%AD%20Svobody%2C%20pomn%C3%ADk%20svat%C3%A9ho%20V%C3%A1clava%2C%20reli%C3%A9f.jpg,https://www.wikidata.org/wiki/Q118087,
Constance of Sicily,Q286537,34,Cathedral of the Holy Cross and Saint Eulalia,41.383888888,2.176388888,http://commons.wikimedia.org/wiki/Special:FilePath/D.%20Constan%C3%A7a%20de%20Hohenstaufen%2C%20Rainha%20de%20Arag%C3%A3o%20-%20The%20Portuguese%20Genealogy%20%28Genealogia%20dos%20Reis%20de%20Portugal%29.png,https://www.wikidata.org/wiki/Q286537,
Joseph Calasanz,Q360589,34,"San Pantaleo, Rome",41.897100503,12.47308545,http://commons.wikimedia.org/wiki/Special:FilePath/San%20Jos%C3%A9%20de%20Calasanz%20%28Museo%20del%20Prado%29.jpg,https://www.wikidata.org/wiki/Q360589,
Joseph of Cupertino,Q313807,34,Marche,43.316666666,13.0,http://commons.wikimedia.org/wiki/Special:FilePath/San%20Giuseppe%20di%20Copertino%2018th%20century%20engraving.jpg,https://www.wikidata.org/wiki/Q313807,
Princess Élisabeth of France,Q274709,34,Catacombs of Paris,48.83397,2.33245,http://commons.wikimedia.org/wiki/Special:FilePath/Madame-elisabeth-2.jpg,https://www.wikidata.org/wiki/Q274709,
Saint Giles,Q149727,34,France,47.0,2.0,http://commons.wikimedia.org/wiki/Special:FilePath/Saint%20Giles%20closeup.jpg,https://www.wikidata.org/wiki/Q149727,
Willibrord,Q160714,34,St. Willibrord Basilika,49.81418,6.42119,http://commons.wikimedia.org/wiki/Special:FilePath/Portret%20van%20Willibrord%2C%20RP-P-1907-41.jpg,https://www.wikidata.org/wiki/Q160714,
"Amadeus IX, Duke of Savoy",Q373236,33,Vercelli Cathedral,45.33019,8.42247,http://commons.wikimedia.org/wiki/Special:FilePath/Ritratto%20di%20Amedeo%20IX%20il%20Beato%20-%20Google%20Art%20Project.jpg,https://www.wikidata.org/wiki/Q373236,
Catherine of Genoa,Q240413,33,Santissima Annunziata di Portoria,44.4077,8.93919,http://commons.wikimedia.org/wiki/Special:FilePath/Santa%20Caterina%20Fieschi%20Adorno-dipinto%20Giovanni%20Agostino%20Ratti.jpg,https://www.wikidata.org/wiki/Q240413,
Franz Jägerstätter,Q45243,33,Sankt Radegund,48.096666666,12.761944444,http://commons.wikimedia.org/wiki/Special:FilePath/Franz%20J%C3%A4gerst%C3%A4tter%20ID%20photo.jpg,https://www.wikidata.org/wiki/Q45243,
Isabella Jagiellon,Q235591,33,St. Michael's Cathedral,46.06762,23.56995,http://commons.wikimedia.org/wiki/Special:FilePath/Workshop%20of%20Lucas%20Cranach%20%28II%29%20-%20Isabella%20R.%20Hungari%C3%A6%20%28Czartoryski%20Museum%29.jpg,https://www.wikidata.org/wiki/Q235591,
Norbert of Xanten,Q160374,33,Strahov Monastery,50.085962903,14.389281672,http://commons.wikimedia.org/wiki/Special:FilePath/Norbert%20siegreich%20ca1750.JPG,https://www.wikidata.org/wiki/Q160374,Strahov Monastery (Tomb of St. Norbert)
Xu Guangqi,Q420427,33,Tomb of Xu Guangqi,31.191527777,121.430166666,http://commons.wikimedia.org/wiki/Special:FilePath/%E5%BE%90%E5%85%89%E5%95%9F.jpg,https://www.wikidata.org/wiki/Q420427,
Mary of Jesus de León y Delgado,Q231325,32,Monastery Santa Catalina La Laguna,28.48777778,-16.31416667,http://commons.wikimedia.org/wiki/Special:FilePath/La%20Siervita%20de%20Dios.jpg,https://www.wikidata.org/wiki/Q231325,
Black Elk,Q436655,31,Manderson-White Horse Creek,43.228888888,-102.473333333,http://commons.wikimedia.org/wiki/Special:FilePath/Black%20Elk.jpg,https://www.wikidata.org/wiki/Q436655,
Gertrude of Nivelles,Q235619,31,"Collegiate Church of Saint Gertrude, Nivelles",50.59777778,4.32333333,http://commons.wikimedia.org/wiki/Special:FilePath/0%20Gertrude%20de%20Nivelles%20-%20JPG.jpg,https://www.wikidata.org/wiki/Q235619,
Josaphat Kuntsevych,Q355884,31,St. Peter's Basilica,41.902222222,12.453416666,http://commons.wikimedia.org/wiki/Special:FilePath/JKuncewicz.jpg,https://www.wikidata.org/wiki/Q355884,St. Peter's Basilica
Leopold III,Q349086,31,Klosterneuburg Monastery,48.30719,16.32664,http://commons.wikimedia.org/wiki/Special:FilePath/Herzog%20Leopold%20III.%20Babenberg.jpg,https://www.wikidata.org/wiki/Q349086,
Marie Clotilde of France,Q668220,31,Santa Caterina a Chiaia,40.835114,14.242042,http://commons.wikimedia.org/wiki/Special:FilePath/Heinsius%20Clotilde%20de%20France.jpg,https://www.wikidata.org/wiki/Q668220,
Matilda of Ringelheim,Q234246,31,Quedlinburg Abbey,51.785944444,11.136805555,http://commons.wikimedia.org/wiki/Special:FilePath/Mathilde%200%20de%20ringelheim.jpg,https://www.wikidata.org/wiki/Q234246,
Oswald of Northumbria,Q336016,31,Durham Cathedral,54.77347539,-1.576214961,http://commons.wikimedia.org/wiki/Special:FilePath/Hl.%20Oswald%20von%20Northumbrien%202.jpg,https://www.wikidata.org/wiki/Q336016,
Princess Maria Clotilde of Savoy,Q923098,31,Basilica of Superga,45.08062,7.767366,http://commons.wikimedia.org/wiki/Special:FilePath/Principessa%20Imperiale%20Maria%20Clotilde%20di%20Savoia.jpg,https://www.wikidata.org/wiki/Q923098,
Raymond of Penyafort,Q318980,31,Cathedral of the Holy Cross and Saint Eulalia,41.383888888,2.176388888,http://commons.wikimedia.org/wiki/Special:FilePath/Raymon%20de%20Pe%C3%B1aforte.jpg,https://www.wikidata.org/wiki/Q318980,
Sancha of León,Q1847459,30,Basilica of San Isidoro,42.60075,-5.570944444,http://commons.wikimedia.org/wiki/Special:FilePath/Ferda1Leon%20Sancha.jpg,https://www.wikidata.org/wiki/Q1847459,Basilica of San Isidoro
Stanislaus of Szczepanów,Q351635,30,Wawel Cathedral,50.054638888,19.935416666,http://commons.wikimedia.org/wiki/Special:FilePath/Stanis%C5%82aw%20Samostrzelnik%2C%20%C5%9Aw%20Stanis%C5%82aw.jpg,https://www.wikidata.org/wiki/Q351635,Wawel Cathedral (Tomb of St. Stanislas)
Álvaro del Portillo,Q251479,30,crypt of Villa Tevere,41.9218805,12.483818,http://commons.wikimedia.org/wiki/Special:FilePath/Alvaro%20Del%20Portillo.png,https://www.wikidata.org/wiki/Q251479,
Catherine of Vadstena,Q237871,29,Vadstena Abbey,58.450555555,14.891388888,http://commons.wikimedia.org/wiki/Special:FilePath/Sankta%20Katarina%2C%20skulptur%20i%20Trono%20kyrka%2C%20STF1923.jpg,https://www.wikidata.org/wiki/Q237871,Vadstena Abbey (Relics of St. Birgitta – Bridget of Sweden)
"Charles I, Count of Flanders",Q378217,29,Bruges,51.208888888,3.224166666,http://commons.wikimedia.org/wiki/Special:FilePath/Blessed%20Charles%20the%20Good.jpg,https://www.wikidata.org/wiki/Q378217,Eucharistic Miracle of Bruges (Basilica of the Holy Blood)
Cuthbert,Q504518,29,Durham Cathedral,54.77347539,-1.576214961,http://commons.wikimedia.org/wiki/Special:FilePath/Durham%20St%20Cuthbert.jpg,https://www.wikidata.org/wiki/Q504518,
Edmund the Martyr,Q381815,29,Bury St Edmunds Abbey,52.2441,0.7192,http://commons.wikimedia.org/wiki/Special:FilePath/Edmundbeingmartyred05.jpg,https://www.wikidata.org/wiki/Q381815,
Edwin of Northumbria,Q348955,29,Whitby Abbey,54.488,-0.607508,http://commons.wikimedia.org/wiki/Special:FilePath/Saint%20King%20Edwin%20of%20Northumbria.jpg,https://www.wikidata.org/wiki/Q348955,
Fulbert of Chartres,Q529302,29,"Église Saint-Pierre, Chartres",48.4438,1.49265,http://commons.wikimedia.org/wiki/Special:FilePath/Fulbert%20de%20Chartres.jpg,https://www.wikidata.org/wiki/Q529302,
Jacques Hamel,Q26086606,29,cimetière de Bonsecours,49.4205,1.1214,,https://www.wikidata.org/wiki/Q26086606,
Jean Eudes,Q441714,29,Séminaire des Eudistes de Caen,49.1809,-0.364695,http://commons.wikimedia.org/wiki/Special:FilePath/JeanEudes.png,https://www.wikidata.org/wiki/Q441714,
Lanfranc,Q317098,29,Canterbury Cathedral,51.279811,1.083001,http://commons.wikimedia.org/wiki/Special:FilePath/Lanfranc-B%C3%A9ranger.jpg,https://www.wikidata.org/wiki/Q317098,Canterbury Cathedral (Tomb of St. Anselm)
"Margaret Pole, Countess of Salisbury",Q241806,29,"Church of St Peter ad Vincula, Tower Hamlets",51.5086,-0.0769444,http://commons.wikimedia.org/wiki/Special:FilePath/Unknown%20woman%2C%20formerly%20known%20as%20Margaret%20Pole%2C%20Countess%20of%20Salisbury%20from%20NPG%20retouched.jpg,https://www.wikidata.org/wiki/Q241806,
Otto of Bamberg,Q77259,29,Michaelsberg Abbey,49.893611111,10.877222222,http://commons.wikimedia.org/wiki/Special:FilePath/Otto%20der%20Heilige.jpg,https://www.wikidata.org/wiki/Q77259,
Albert of Riga,Q60952,28,Great Cemetery,56.970555555,24.143055555,http://commons.wikimedia.org/wiki/Special:FilePath/Albert%20of%20Riga.JPG,https://www.wikidata.org/wiki/Q60952,
Pedro Arrupe,Q452343,28,Church of the Gesù,41.895833333,12.479722222,http://commons.wikimedia.org/wiki/Special:FilePath/Pater%20Pedro%20Arrupe%20%28nieuwe%20Jesuieten%20Generaal%20in%20Spanje%29%2C%20Bestanddeelnr%20917-8326.jpg,https://www.wikidata.org/wiki/Q452343,Church of the Gesu (Tomb of St. Ignatius of Loyola)
Peter Chanel,Q380651,28,basilique Saint-Pierre-Chanel de Poi,-14.295332,-178.092783,http://commons.wikimedia.org/wiki/Special:FilePath/Illustration%20de%20Pierre%20Chanel%20jeune%20-%20Nicolet%201885%20%28cropped%29.png,https://www.wikidata.org/wiki/Q380651,
Saint Emeric of Hungary,Q359259,28,Székesfehérvár Basilica,47.1917,18.4107,http://commons.wikimedia.org/wiki/Special:FilePath/Tiszaug%2C%20r%C3%B3mai%20katolikus%20templom%20bels%C5%91%20tere%202025%2010.jpg,https://www.wikidata.org/wiki/Q359259,
Saturninus,Q512156,28,Basilica of St. Sernin,43.608485,1.442126,http://commons.wikimedia.org/wiki/Special:FilePath/Saturninus%20vignay.jpg,https://www.wikidata.org/wiki/Q512156,
St. Zita,Q744884,28,Basilica of San Frediano,43.846111,10.504722,http://commons.wikimedia.org/wiki/Special:FilePath/Lille%20Hospice%20comt%20Vuez%20Ste%20Zite.JPG,https://www.wikidata.org/wiki/Q744884,
William of Gellone,Q714931,28,Saint-Guilhem-le-Désert,43.733888888,3.549722222,http://commons.wikimedia.org/wiki/Special:FilePath/Antonio%20de%20Pereda%20-%20San%20Guillermo%20de%20Aquitania%20-%20Google%20Art%20Project.jpg,https://www.wikidata.org/wiki/Q714931,
Adela of France,Q353829,27,Saint Nicholas' Church,50.7641,2.89922,http://commons.wikimedia.org/wiki/Special:FilePath/Baldwin%20V%20of%20Flanders%20and%20Adela%20of%20France.jpg,https://www.wikidata.org/wiki/Q353829,
Bruno the Great,Q56228,27,St. Pantaleon's Church,50.928611,6.948056,http://commons.wikimedia.org/wiki/Special:FilePath/Bruno%20the%20Great.jpg,https://www.wikidata.org/wiki/Q56228,
Constantina,Q464452,27,Santa Costanza,41.9226014,12.5173984,http://commons.wikimedia.org/wiki/Special:FilePath/Pietro%20da%20Cortona%20-%20Saint%20Constantia%27s%20Vision%20before%20the%20Tomb%20of%20Saints%20Agnes%20and%20Emerentiana%20-%20Google%20Art%20Project.jpg,https://www.wikidata.org/wiki/Q464452,
Justus,Q453924,27,St Augustine's Abbey,51.278127777,1.088205555,http://commons.wikimedia.org/wiki/Special:FilePath/Justusdetail.JPG,https://www.wikidata.org/wiki/Q453924,St. Augustine's Abbey
Stanislaus Kostka,Q203437,27,Sant'Andrea al Quirinale,41.900683,12.489344,http://commons.wikimedia.org/wiki/Special:FilePath/Stanislaus%20Kostka%20Legros%20n1.jpg,https://www.wikidata.org/wiki/Q203437,
Æthelred of Mercia,Q272212,27,Bardney Abbey,53.2204,-0.3336,http://commons.wikimedia.org/wiki/Special:FilePath/St%20John%27s%20Church%2C%20Chester%20-%20Westfenster%202.jpg,https://www.wikidata.org/wiki/Q272212,
August Hlond,Q508834,26,St. John's Archcathedral,52.248888888,21.013611111,http://commons.wikimedia.org/wiki/Special:FilePath/August%20Hlond%20portr.jpg,https://www.wikidata.org/wiki/Q508834,
Gabriel of Our Lady of Sorrows,Q374467,26,Sanctuary of Saint Gabriel of Our Lady of Sorrows,42.516944444,13.6575,http://commons.wikimedia.org/wiki/Special:FilePath/Gabriel%20of%20Our%20Lady%20of%20Sorrows.png,https://www.wikidata.org/wiki/Q374467,
Jean de Brébeuf,Q713402,26,National Shrine of North American Martyrs,44.7366,-79.8421,http://commons.wikimedia.org/wiki/Special:FilePath/Br%C3%A9buef-jesuits04jesuuoft.jpg,https://www.wikidata.org/wiki/Q713402,Shrine of the North American Martyrs (Auriesville)
Lambert of Maastricht,Q283447,26,Netherlands,52.316666666,5.55,http://commons.wikimedia.org/wiki/Special:FilePath/St-Lambert-Li%C3%A8ge.jpg,https://www.wikidata.org/wiki/Q283447,
Laurence of Canterbury,Q347940,26,St Augustine's Abbey,51.278127777,1.088205555,,https://www.wikidata.org/wiki/Q347940,St. Augustine's Abbey
Saint Servatius,Q558261,26,Crypts of Sint-Servaasbasiliek,50.84881667,5.68746389,http://commons.wikimedia.org/wiki/Special:FilePath/St%20Servaasbrug%20Maastricht%20-%20St%20Servaas%2020100327.jpg,https://www.wikidata.org/wiki/Q558261,
Theodore of Tarsus,Q504529,26,St Augustine's Abbey,51.278127777,1.088205555,http://commons.wikimedia.org/wiki/Special:FilePath/Saint%20Theodore%20of%20Tarsus%20stained%20glass%20at%20St%20John%20the%20Evangelist%2C%20Knotty%20Ash.jpg,https://www.wikidata.org/wiki/Q504529,St. Augustine's Abbey
Ulrich of Augsburg,Q714866,26,St. Ulrich's and St. Afra's Abbey,48.3615,10.9003,http://commons.wikimedia.org/wiki/Special:FilePath/Meister%20von%20Me%C3%9Fkirch%20-%20Linker%20Fl%C3%BCgel%20eines%20Altares%2C%20Hl.%20Ulrich%20-%208696%20-%20Bavarian%20State%20Painting%20Collections.jpg,https://www.wikidata.org/wiki/Q714866,
Wincenty Kadłubek,Q369562,26,Jędrzejów Abbey,50.63833333,20.30027778,http://commons.wikimedia.org/wiki/Special:FilePath/Wincenty%20Kad%C5%82ubek%20-%20rys.%20Jan%20Matejko.jpg,https://www.wikidata.org/wiki/Q369562,
Aldhelm,Q709718,25,Wiltshire,51.3,-1.9,http://commons.wikimedia.org/wiki/Special:FilePath/Aldhelm.malmesbury.arp.jpg,https://www.wikidata.org/wiki/Q709718,
Begga,Q266765,25,Saint Begga Collegiate Church,50.4869,5.10083,http://commons.wikimedia.org/wiki/Special:FilePath/Jacob%20Jordaens%20-%20Saint%20Begga.jpg,https://www.wikidata.org/wiki/Q266765,
Clemens Maria Hofbauer,Q508588,25,Romantikerfriedhof Maria Enzersdorf,48.0937,16.2848,http://commons.wikimedia.org/wiki/Special:FilePath/Rinn%20-%20Clemens%20Maria%20Hofbauer.jpg,https://www.wikidata.org/wiki/Q508588,
John Berchmans,Q724169,25,Sant'Ignazio Church,41.89904,12.47973,http://commons.wikimedia.org/wiki/Special:FilePath/%D0%AF%D0%BD%20%D0%91%D0%B5%D1%80%D1%85%D0%BC%D0%B0%D0%BD%D1%81.jpg,https://www.wikidata.org/wiki/Q724169,
Josyf Slipyj,Q195694,25,Saint George's Cathedral,49.838611111,24.013055555,http://commons.wikimedia.org/wiki/Special:FilePath/Cardinal%20Josyp%20Slipyj.jpg,https://www.wikidata.org/wiki/Q195694,
Lidwina,Q264499,25,South Holland,52.0,4.666666666,http://commons.wikimedia.org/wiki/Special:FilePath/Liduina%20ijs.jpg,https://www.wikidata.org/wiki/Q264499,
Mellitus,Q366198,25,St Augustine's Abbey,51.278127777,1.088205555,http://commons.wikimedia.org/wiki/Special:FilePath/St.Mellitus.jpg,https://www.wikidata.org/wiki/Q366198,St. Augustine's Abbey
Odilo of Cluny,Q918431,25,Souvigny Priory,46.535,3.19333,http://commons.wikimedia.org/wiki/Special:FilePath/Troyes%20%2810%29%20Basilique%20Saint-Urbain%20Statue%20de%20Saint-Odilon.jpg,https://www.wikidata.org/wiki/Q918431,
Paula of Rome,Q237824,25,Basilica di Santa Maria Maggiore,41.8975,12.498611111,http://commons.wikimedia.org/wiki/Special:FilePath/Francisco%20de%20Zurbar%C3%A1n%20043.jpg,https://www.wikidata.org/wiki/Q237824,
"Philip Howard, 20th Earl of Arundel",Q336320,25,"Church of St Peter ad Vincula, Tower Hamlets",51.5086,-0.0769444,http://commons.wikimedia.org/wiki/Special:FilePath/George%20Gower%20Philip%20Howard%20Earl%20of%20Arundel.jpg,https://www.wikidata.org/wiki/Q336320,
Pietro I Orseolo,Q707192,25,St Mark's Basilica,45.434444444,12.339722222,http://commons.wikimedia.org/wiki/Special:FilePath/San%20Rocco%20%28Venice%29%20-%20Statue%20of%20Saint%20Peter%20Orseolo.jpg,https://www.wikidata.org/wiki/Q707192,St. Mark's Basilica
Richardis,Q235655,25,Basilica of Saint-Remi,49.243055555,4.041944444,http://commons.wikimedia.org/wiki/Special:FilePath/Alb%C3%A9%20074.JPG,https://www.wikidata.org/wiki/Q235655,
Adolph Kolping,Q60619,24,Church of the Immaculate Conception of the Blessed Virgin Mary in Cologne,50.9392,6.95528,http://commons.wikimedia.org/wiki/Special:FilePath/Adolph%20Kolping.jpg,https://www.wikidata.org/wiki/Q60619,
Andrew Bertie,Q433924,24,Santa Maria del Priorato,41.883056,12.477222,http://commons.wikimedia.org/wiki/Special:FilePath/Gianfranco-De-Meo%20Gran-Maestro-Fra-Andrew-Bertie%20g.jpg,https://www.wikidata.org/wiki/Q433924,
Andrzej Bobola,Q129674,24,Saint Andrew Bobola Sanctuary in Warsaw,52.2057,21.001,http://commons.wikimedia.org/wiki/Special:FilePath/Bobola.jpg,https://www.wikidata.org/wiki/Q129674,
Benno,Q61625,24,Frauenkirche,48.138578587,11.573615723,http://commons.wikimedia.org/wiki/Special:FilePath/Benno%20of%20Meissen.jpg,https://www.wikidata.org/wiki/Q61625,
Catherine of Bosnia,Q452680,24,Santa Maria in Aracoeli,41.893888888,12.483333333,http://commons.wikimedia.org/wiki/Special:FilePath/Katarina%20Kosaca%20Picture%20Kraljeva%20Sutjeska.jpg,https://www.wikidata.org/wiki/Q452680,
Chiara Badano,Q259947,24,Sassello,44.479002777,8.490097222,http://commons.wikimedia.org/wiki/Special:FilePath/Sassello%20SV.jpg,https://www.wikidata.org/wiki/Q259947,
Dorothy Stang,Q465318,24,Sisters of Notre Dame Cemetery,39.2219,-84.4297,http://commons.wikimedia.org/wiki/Special:FilePath/Irm%C3%A3%20dorothy%20stang%20-%20panoramio%20%282%29.jpg,https://www.wikidata.org/wiki/Q465318,
Elia Dalla Costa,Q427528,24,Florence Cathedral,43.773055555,11.256944444,http://commons.wikimedia.org/wiki/Special:FilePath/Elia%20Dalla%20Costa.jpg,https://www.wikidata.org/wiki/Q427528,
Franjo Kuharić,Q443459,24,Zagreb Cathedral,45.814444444,15.979722222,http://commons.wikimedia.org/wiki/Special:FilePath/Kuhari%C4%87%20franjo%20biskup.jpg,https://www.wikidata.org/wiki/Q443459,
Gotthard of Hildesheim,Q61914,24,Hildesheim Cathedral,52.148889,9.947222,http://commons.wikimedia.org/wiki/Special:FilePath/Corenno%20Plinio%20-%20St.Gotthard.jpg,https://www.wikidata.org/wiki/Q61914,
Hyacinth of Poland,Q8689031,24,"Basilica of the Holy Trinity, Kraków",50.0593,19.93955,http://commons.wikimedia.org/wiki/Special:FilePath/Friesach%20-%20Dominikanerkirche%20-%20Hochaltar%20-%20Hl%20Hyazinth.jpg,https://www.wikidata.org/wiki/Q8689031,
"Magnus Erlendsson, Earl of Orkney",Q522317,24,"St Magnus Cathedral, Kirkwall",58.9814,-2.9599,http://commons.wikimedia.org/wiki/Special:FilePath/Domkirka%20statuer%2037.jpg,https://www.wikidata.org/wiki/Q522317,
Richeza of Lotharingia,Q269619,24,Cologne Cathedral,50.941388888,6.958333333,http://commons.wikimedia.org/wiki/Special:FilePath/Rycheza%20Lotarynska%20%28274975%29.jpg,https://www.wikidata.org/wiki/Q269619,
Alfredo Ildefonso Schuster,Q733546,23,Milan Cathedral,45.463968,9.190578,http://commons.wikimedia.org/wiki/Special:FilePath/Alfred%20Schuster.JPG,https://www.wikidata.org/wiki/Q733546,
Chad of Mercia,Q742311,23,Lichfield Cathedral,52.6855,-1.8303,http://commons.wikimedia.org/wiki/Special:FilePath/Saint%20Chad.jpg,https://www.wikidata.org/wiki/Q742311,
Eusebio Kino,Q45185,23,Magdalena de Kino,30.625,-110.961111111,http://commons.wikimedia.org/wiki/Special:FilePath/Padre%20Misionero%20Francisco%20Eusebio%20Kino.jpg,https://www.wikidata.org/wiki/Q45185,
Ivan Merz,Q2378574,23,Mirogoj Cemetery,45.835694444,15.984444444,http://commons.wikimedia.org/wiki/Special:FilePath/Bl%20Ivan%20Merz%20u%20Bazilici%20Srca%20Isusova%2013%20rujna%202008.jpg,https://www.wikidata.org/wiki/Q2378574,
Jérôme Lejeune,Q435686,23,Q110338353,48.4275,2.0668,,https://www.wikidata.org/wiki/Q435686,
Peter of Verona,Q238744,23,Portinari Chapel,45.4541,9.18216,http://commons.wikimedia.org/wiki/Special:FilePath/Peter%20Martyr%20Vecchietta.jpg,https://www.wikidata.org/wiki/Q238744,
Swithun,Q464363,23,Winchester Cathedral,51.060722,-1.313333,http://commons.wikimedia.org/wiki/Special:FilePath/St%20Swithun%2C%20Benedictional%20of%20%C3%86thelwold%2C%20London%2C%20BL%2C%20Ms%20Add.%2019598%2C%20Fol%2090V.jpg,https://www.wikidata.org/wiki/Q464363,
Teresa of the Andes,Q256166,23,Santuario de Santa Teresa de Los Andes,-32.892775,-70.67921,http://commons.wikimedia.org/wiki/Special:FilePath/Teresa%20de%20Los%20Andes%20con%20habito%20de%20Carmelita%20Descalza.jpg,https://www.wikidata.org/wiki/Q256166,
"Umberto III, Count of Savoy",Q664561,23,Royal Abbey of Hautecombe,45.752777777,5.839722222,http://commons.wikimedia.org/wiki/Special:FilePath/Ritratto%20di%20Umberto%20III%20il%20beato%20-%20Google%20Art%20Project.jpg,https://www.wikidata.org/wiki/Q664561,
Alois Andritzki,Q77262,22,Alter Katholischer Friedhof,51.0603,13.7193,http://commons.wikimedia.org/wiki/Special:FilePath/Alojs%20Andricki.jpg,https://www.wikidata.org/wiki/Q77262,
Balthild,Q237750,22,Royal Abbey of Chelles,48.8777,2.59,http://commons.wikimedia.org/wiki/Special:FilePath/Luxembourg%20-%20Sainte%20Bathilde.jpg,https://www.wikidata.org/wiki/Q237750,
Benedict the Moor,Q559356,22,Sicily,37.6,14.016666666,http://commons.wikimedia.org/wiki/Special:FilePath/Capela%20do%20Divino%20Esp%C3%ADrito%20Santo%20em%20Porto%20Alegre%20011-aa.JPG,https://www.wikidata.org/wiki/Q559356,Catania Cathedral (Relics of St. Agatha)
Didacus of Alcalá,Q451841,22,Cathedral of los Santos Niños Justo y Pastor de Alcalá de Henares,40.480525,-3.369258,http://commons.wikimedia.org/wiki/Special:FilePath/DiegodealcalaOrgaz.jpg,https://www.wikidata.org/wiki/Q451841,
Eulogius of Córdoba,Q246000,22,Cámara Santa,43.36222222,-5.84288056,http://commons.wikimedia.org/wiki/Special:FilePath/EulogioCordovamart.JPG,https://www.wikidata.org/wiki/Q246000,
Ferdinand the Holy Prince,Q552022,22,Batalha Monastery,39.659166666,-8.826111111,http://commons.wikimedia.org/wiki/Special:FilePath/Ferdinand%20the%20Saint%20%28St.%20Vincent%20Panels%29.jpg,https://www.wikidata.org/wiki/Q552022,
Frei Galvão,Q469209,22,Brazil,-14.0,-53.0,http://commons.wikimedia.org/wiki/Special:FilePath/Freigalvao.jpg,https://www.wikidata.org/wiki/Q469209,
Louis IV,Q63399,22,Reinhardsbrunn,50.8683,10.5575,http://commons.wikimedia.org/wiki/Special:FilePath/Ludvik4.jpg,https://www.wikidata.org/wiki/Q63399,
Margaret of Brabant,Q271713,22,"Piazza del Duomo, Pisa",43.723428,10.394778,http://commons.wikimedia.org/wiki/Special:FilePath/Margaret%20of%20Brabant.jpg,https://www.wikidata.org/wiki/Q271713,
Rafael Merry del Val,Q507540,22,Vatican Grotto,41.90222222,12.45333333,http://commons.wikimedia.org/wiki/Special:FilePath/Cardinal%20Rafael%20Merry%20del%20Val.jpg,https://www.wikidata.org/wiki/Q507540,
Saint Afra,Q114845,22,St. Ulrich's and St. Afra's Abbey,48.3615,10.9003,http://commons.wikimedia.org/wiki/Special:FilePath/Heilige%20Afra.jpg,https://www.wikidata.org/wiki/Q114845,
Turibius of Mongrovejo,Q467993,22,Cathedral of Lima,-12.046472222,-77.030036111,http://commons.wikimedia.org/wiki/Special:FilePath/Santo%20Toribio%20Alfonso%20de%20Mogrovejo%2C%20Arzobispo%20de%20Lima.jpg,https://www.wikidata.org/wiki/Q467993,
Wolfgang of Regensburg,Q60889,22,St. Emmeram's Basilica,49.01537778,12.09268889,http://commons.wikimedia.org/wiki/Special:FilePath/K%C3%A1jov%20-%20Marienkapelle%2011%20Leonhardsaltar%20St.Wolfgang.jpg,https://www.wikidata.org/wiki/Q60889,
Yolanda of Poland,Q833920,22,Gniezno,52.533333333,17.6,http://commons.wikimedia.org/wiki/Special:FilePath/Jolanta.jpg,https://www.wikidata.org/wiki/Q833920,
Æthelthryth,Q261097,22,Ely Cathedral,52.398611111,0.263888888,http://commons.wikimedia.org/wiki/Special:FilePath/Salisbury%20Cathedral%20St%20Etheldreda.jpg,https://www.wikidata.org/wiki/Q261097,
Andrea Carlo Ferrari,Q493594,21,Milan Cathedral,45.463968,9.190578,http://commons.wikimedia.org/wiki/Special:FilePath/Andrea%20Carlo%20Ferrari.jpg,https://www.wikidata.org/wiki/Q493594,
Andrey Sheptytsky,Q24194,21,Saint George's Cathedral,49.838611111,24.013055555,http://commons.wikimedia.org/wiki/Special:FilePath/A.%20Szeptycki%20%28retouched%29.jpg,https://www.wikidata.org/wiki/Q24194,
Bernhard Lichtenberg,Q61524,21,St. Hedwig's Cathedral,52.515833333,13.394722222,http://commons.wikimedia.org/wiki/Special:FilePath/Gedenktafel%20im%20KZ%20Esterwegen%20%28cropped%29.jpg,https://www.wikidata.org/wiki/Q61524,
Fiacre,Q953927,21,Meaux Cathedral,48.96,2.878889,http://commons.wikimedia.org/wiki/Special:FilePath/St.%20Fiacre%20of%20Meaux%20holding%20a%20book%20and%20a%20spade%20-%20Book%20of%20hours%20Simon%20de%20Varie%20-%20KB%2074%20G37%20-%20085r%20min.jpg,https://www.wikidata.org/wiki/Q953927,
Francesco Faà di Bruno,Q604679,21,Chiesa del Suffragio e Santa Zita,45.08,7.6647,http://commons.wikimedia.org/wiki/Special:FilePath/Francesco%20Fa%C3%A0%20di%20Bruno.jpg,https://www.wikidata.org/wiki/Q604679,
Giorgio La Pira,Q543393,21,Florence,43.771388888,11.254166666,http://commons.wikimedia.org/wiki/Special:FilePath/Giorgio%20La%20Pira%20en%201946.png,https://www.wikidata.org/wiki/Q543393,
Jurgis Matulaitis-Matulevičius,Q559765,21,"Church of St. Michael the Archangel, Marijampolė",54.555193,23.344262,http://commons.wikimedia.org/wiki/Special:FilePath/Jerzy%20Matulewicz.png,https://www.wikidata.org/wiki/Q559765,
Lawrence Giustiniani,Q203814,21,San Pietro di Castello,45.43458,12.35972,http://commons.wikimedia.org/wiki/Special:FilePath/Bellini%20Lorenzo%20Giustiniani.jpg,https://www.wikidata.org/wiki/Q203814,
Marie Guyart,Q449835,21,Ursuline Chapel,46.8121875,-71.2078125,http://commons.wikimedia.org/wiki/Special:FilePath/Portrait%20de%20M%C3%A8re%20Marie%20de%20l%27Incarnation.jpg,https://www.wikidata.org/wiki/Q449835,
Nguyen Van Thuan,Q532238,21,Campo Verano,41.901516046,12.520300467,http://commons.wikimedia.org/wiki/Special:FilePath/H%E1%BB%93ng%20y%20Phanxic%C3%B4%20Xavi%C3%AA%20Nguy%E1%BB%85n%20V%C4%83n%20Thu%E1%BA%ADn.jpg,https://www.wikidata.org/wiki/Q532238,
Pacian,Q920309,21,Basilica of Sts. Just and Pastor,41.38277778,2.17805556,http://commons.wikimedia.org/wiki/Special:FilePath/San%20Paciano%20de%20Barcelona%20%28cropped%29.jpg,https://www.wikidata.org/wiki/Q920309,
Theodore Romzha,Q48876,21,"Greek Catholic Cathedral, Uzhhorod",48.62277778,22.30222222,http://commons.wikimedia.org/wiki/Special:FilePath/Romza%20Teodor%20Glen%20Cove%20USA.jpg,https://www.wikidata.org/wiki/Q48876,
Anton Martin Slomšek,Q591809,20,Maribor Cathedral,46.559080253,15.644934732,http://commons.wikimedia.org/wiki/Special:FilePath/Anton%20Martin%20Slom%C5%A1ek-Dunaj%201862.jpg,https://www.wikidata.org/wiki/Q591809,
Corbinian,Q560646,20,Freising Cathedral,48.39892653,11.746495305,http://commons.wikimedia.org/wiki/Special:FilePath/Corbinian%20polack.jpg,https://www.wikidata.org/wiki/Q560646,
Honorius,Q503207,20,St Augustine's Abbey,51.278127777,1.088205555,http://commons.wikimedia.org/wiki/Special:FilePath/ASC%20MS%20E%20627.jpg,https://www.wikidata.org/wiki/Q503207,St. Augustine's Abbey
Lojze Grozde,Q965515,20,Assumption of Mary Church,45.973196601,14.958229352,http://commons.wikimedia.org/wiki/Special:FilePath/Lojze%20Grozde%2001.jpg,https://www.wikidata.org/wiki/Q965515,
Pauline Jaricot,Q453506,20,Cimetière de Loyasse,45.7625,4.811667,http://commons.wikimedia.org/wiki/Special:FilePath/Pauline-Marie%20Jaricot.jpg,https://www.wikidata.org/wiki/Q453506,
Rose of Viterbo,Q268141,20,Viterbo,42.418611111,12.104166666,http://commons.wikimedia.org/wiki/Special:FilePath/Rose%20of%20Viterbo.jpg,https://www.wikidata.org/wiki/Q268141,
Ælfheah of Canterbury,Q1262465,20,Canterbury Cathedral,51.279811,1.083001,http://commons.wikimedia.org/wiki/Special:FilePath/St.%20Alphege%2C%20Archbishop%20of%20Canterbury%2C%20is%20asked%20for%20advice.jpg,https://www.wikidata.org/wiki/Q1262465,Canterbury Cathedral (Tomb of St. Anselm)
Agnes of Assisi,Q394693,19,Assisi,43.07081201,12.61499803,http://commons.wikimedia.org/wiki/Special:FilePath/AgneseAssisi.jpg,https://www.wikidata.org/wiki/Q394693,Basilica of St. Clare (Tomb of St. Clare)
Andrew Corsini,Q493698,19,Florence,43.771388888,11.254166666,http://commons.wikimedia.org/wiki/Special:FilePath/Guido%20Reni%20%281575-1642%29%20-%20Sint%20Andreas%20Corsini%20%281639%29%20-%20Bologna%20Pinacoteca%20Nazionale%20-%2026-04-2012%209-29-09.jpg,https://www.wikidata.org/wiki/Q493698,
Archduchess Magdalena of Austria,Q113752,19,Hall in Tirol,47.283333333,11.5,http://commons.wikimedia.org/wiki/Special:FilePath/Giuseppe%20Arcimboldi%20004.jpg,https://www.wikidata.org/wiki/Q113752,
Catherine of Ricci,Q256455,19,Tuscany,43.45,11.2,http://commons.wikimedia.org/wiki/Special:FilePath/Catherine-de-ricci.jpg,https://www.wikidata.org/wiki/Q256455,
Eberhard of Friuli,Q919247,19,Cysoing,50.568333333,3.215,http://commons.wikimedia.org/wiki/Special:FilePath/%C3%89vrard%2C%20marquis%20de%20Frioul.jpg,https://www.wikidata.org/wiki/Q919247,
Frederic Baraga,Q575492,19,St. Peter Cathedral crypt,46.54131,-87.39872,http://commons.wikimedia.org/wiki/Special:FilePath/Friderik%20Baraga%20restoration.jpg,https://www.wikidata.org/wiki/Q575492,
Giuseppe Maria Tomasi,Q772122,19,Sant'Andrea della Valle,41.895977,12.474692,http://commons.wikimedia.org/wiki/Special:FilePath/S.%20gaetano%2C%20ritratto%20del%20beato%20cardinale%20giuseppe%20maria%20tomasi%2C%20XVIII%20sec..JPG,https://www.wikidata.org/wiki/Q772122,
Juan de Palafox y Mendoza,Q2448974,19,Burgo de Osma Cathedral,41.585389,-3.070564,http://commons.wikimedia.org/wiki/Special:FilePath/JuandePalafoxyMendoza.jpg,https://www.wikidata.org/wiki/Q2448974,
Leonard of Port Maurice,Q119289,19,San Bonaventura al Palatino,41.889117,12.479671,http://commons.wikimedia.org/wiki/Special:FilePath/S%20Leonardo.JPG,https://www.wikidata.org/wiki/Q119289,
Mary of Jesus of Ágreda,Q275907,19,"Monasterio de la Concepción (Granada, Spain)",41.851833333,-1.916472222,http://commons.wikimedia.org/wiki/Special:FilePath/Mar%C3%ADa%20de%20Jes%C3%BAs%20de%20%C3%81greda%20%28cropped%29.png,https://www.wikidata.org/wiki/Q275907,
Maximianus of Ravenna,Q1281783,19,"Archbishop's Chapel, Ravenna",44.415555555,12.197777777,http://commons.wikimedia.org/wiki/Special:FilePath/Meister%20von%20San%20Vitale%20in%20Ravenna%20005.jpg,https://www.wikidata.org/wiki/Q1281783,
Miquel Baptista Gran,Q2060572,19,San Bonaventura al Palatino,41.889117,12.479671,http://commons.wikimedia.org/wiki/Special:FilePath/Altar%20Beat%20Bonaventura%20-%20Riudoms%202.jpg,https://www.wikidata.org/wiki/Q2060572,
Paschal Baylon,Q534691,19,Basilica of St. Paschal Baylon,39.9397,-0.0976833,http://commons.wikimedia.org/wiki/Special:FilePath/LienzoS%20Pascual.jpg,https://www.wikidata.org/wiki/Q534691,
Raymond Nonnatus,Q704364,19,Santuari de Sant Ramon Nonat,41.726,1.36914,http://commons.wikimedia.org/wiki/Special:FilePath/RamonNonatSever.JPG,https://www.wikidata.org/wiki/Q704364,
Takashi Nagai,Q1337364,19,Sakamoto International Cemetery,32.765,129.867944,http://commons.wikimedia.org/wiki/Special:FilePath/Paul%20Takashi%20Nagai%20in%201946.gif,https://www.wikidata.org/wiki/Q1337364,
Cassian of Imola,Q45182,18,Imola cathedral,44.353625,11.71077,http://commons.wikimedia.org/wiki/Special:FilePath/Cassianofimola.jpg,https://www.wikidata.org/wiki/Q45182,
Catalina Thomás,Q437427,18,Església de Santa Magdalena,39.574027777,2.648138888,http://commons.wikimedia.org/wiki/Special:FilePath/CaterTomasXVIII.jpg,https://www.wikidata.org/wiki/Q437427,
Fructuosus,Q707744,18,Early Christian cemetery of Tárraco,41.115752971,1.238518625,http://commons.wikimedia.org/wiki/Special:FilePath/MartirioFructuoso.JPG,https://www.wikidata.org/wiki/Q707744,
Hosokawa Gracia,Q256864,18,Sōzen-ji Temple,34.733778,135.5085,http://commons.wikimedia.org/wiki/Special:FilePath/NAJDA-158-0155%20%E5%85%A8%E5%83%8F%E6%9C%AC%E6%9C%9D%E5%8F%A4%E4%BB%8A%E5%88%97%E5%A5%B3%E4%BC%9D2%20%28%E7%B4%B0%E5%B7%9D%E5%BF%A0%E8%88%88%E5%AD%BA%E4%BA%BA%29.jpg,https://www.wikidata.org/wiki/Q256864,
Hugh of Rouen,Q975981,18,Royal Saint-Peter's abbey of Jumièges,49.431944444,0.819166666,http://commons.wikimedia.org/wiki/Special:FilePath/Saint%20hugues.jpg,https://www.wikidata.org/wiki/Q975981,
"Joan, Princess of Portugal",Q272511,18,Portugal,38.7,-9.183333333,http://commons.wikimedia.org/wiki/Special:FilePath/SantaJoana%20Pintura.jpg,https://www.wikidata.org/wiki/Q272511,
Lul,Q694263,18,Hersfeld Abbey,50.86627,9.70224,http://commons.wikimedia.org/wiki/Special:FilePath/Lullus%20statue%20hersfeld%20%28cropped%29.jpg,https://www.wikidata.org/wiki/Q694263,
Martina of Rome,Q272101,18,Santi Luca e Martina,41.893093,12.484353,http://commons.wikimedia.org/wiki/Special:FilePath/El%20Greco%20-%20Madonna%20and%20Child%20with%20Saint%20Martina%20and%20Saint%20Agnes%20%28NGA%29.jpg,https://www.wikidata.org/wiki/Q272101,
Michał Sopoćko,Q83579,18,Białystok,53.132355821,23.168672448,http://commons.wikimedia.org/wiki/Special:FilePath/Sopo%C4%87ko.jpg,https://www.wikidata.org/wiki/Q83579,
Peter Fourier,Q635048,18,Bourgogne-Franche-Comté,47.234527777,6.0305,http://commons.wikimedia.org/wiki/Special:FilePath/Pierre%20Fourier%2009061.jpg,https://www.wikidata.org/wiki/Q635048,
Saint Piran,Q2472762,18,Q23148,50.3,-4.9,http://commons.wikimedia.org/wiki/Special:FilePath/StPiran.png,https://www.wikidata.org/wiki/Q2472762,
Zdislava of Lemberk,Q158971,18,Basilica of St. Lawrence and St. Zdislava (Jablonné v Podještědí),50.7654,14.7622,http://commons.wikimedia.org/wiki/Special:FilePath/St.%20Zdislava%20of%20Lemberk%20-%20forensic%20facial%20reconstruction.jpg,https://www.wikidata.org/wiki/Q158971,
Augustin Kažotić,Q2714860,17,Zagreb Cathedral,45.814444444,15.979722222,http://commons.wikimedia.org/wiki/Special:FilePath/Augustin%20Ka%C5%BEoti%C4%87%20%28close-up%29.jpg,https://www.wikidata.org/wiki/Q2714860,
Conrad of Urach,Q66608,17,Clairvaux Abbey,48.147222222,4.788888888,http://commons.wikimedia.org/wiki/Special:FilePath/Kardinal%20Konrad%20von%20Urach.jpg,https://www.wikidata.org/wiki/Q66608,
Dominic of Silos,Q734842,17,Province of Burgos,42.383333333,-3.666666666,http://commons.wikimedia.org/wiki/Special:FilePath/Santo%20Domingo%20de%20Silos%20entronizado%20como%20obispo%2C%20por%20Bartolom%C3%A9%20Bermejo.jpg,https://www.wikidata.org/wiki/Q734842,
Emmeram of Regensburg,Q277600,17,St. Emmeram's Basilica,49.01537778,12.09268889,http://commons.wikimedia.org/wiki/Special:FilePath/Emmeram3.jpg,https://www.wikidata.org/wiki/Q277600,
Frederick of Utrecht,Q1335224,17,Utrecht,52.090833333,5.121666666,http://commons.wikimedia.org/wiki/Special:FilePath/Frederik%20Bloemaert%20-%20S.%20Fredericus.jpg,https://www.wikidata.org/wiki/Q1335224,
Jeanne Mance,Q513777,17,Montreal,45.5033426,-73.5868411,http://commons.wikimedia.org/wiki/Special:FilePath/Jeanne%20Mance.jpg,https://www.wikidata.org/wiki/Q513777,St. Joseph's Oratory (Tomb of St. André Bessette)
John Sarkander,Q590872,17,Saint Wenceslas Cathedral,49.59777778,17.2625,http://commons.wikimedia.org/wiki/Special:FilePath/Holy%20Trinity%20Column-John%20Sarkander.jpg,https://www.wikidata.org/wiki/Q590872,
Juliana of Liège,Q269577,17,Villers Abbey,50.590555555,4.529722222,http://commons.wikimedia.org/wiki/Special:FilePath/Merazhofen%20Pfarrkirche%20Chorgest%C3%BChl%20links%20Juliana.jpg,https://www.wikidata.org/wiki/Q269577,
Louis of Toulouse,Q196157,17,Valencia,39.47,-0.376388888,http://commons.wikimedia.org/wiki/Special:FilePath/426px-San%20Luigi%20di%20Toulouse%20PieroDellaFrancesca.jpg,https://www.wikidata.org/wiki/Q196157,Valencia Cathedral (Relics of St. Vincent)
Majolus of Cluny,Q42107,17,Souvigny Priory,46.535,3.19333,http://commons.wikimedia.org/wiki/Special:FilePath/StatueMayeul.jpg,https://www.wikidata.org/wiki/Q42107,
Marija Petković,Q2661542,17,"Blato, Korčula",42.9375,16.788888888,http://commons.wikimedia.org/wiki/Special:FilePath/Marija%20Petkovic5.jpg,https://www.wikidata.org/wiki/Q2661542,
Rafael Guízar y Valencia,Q1339715,17,Veracruz,19.839364,-96.055621,http://commons.wikimedia.org/wiki/Special:FilePath/Rafael%20Gu%C3%ADzar%20y%20Valencia%20%28cropped%29.jpg,https://www.wikidata.org/wiki/Q1339715,
Rupert Mayer,Q45283,17,Bürgersaalkirche,48.139023598,11.568256398,http://commons.wikimedia.org/wiki/Special:FilePath/RupertMayer.jpg,https://www.wikidata.org/wiki/Q45283,
Teofilius Matulionis,Q1987005,17,"Cathedral of the Transfiguration of Our Lord, Kaišiadorys",54.860277777,24.457222222,http://commons.wikimedia.org/wiki/Special:FilePath/Teofilius%20Matulionis.jpg,https://www.wikidata.org/wiki/Q1987005,
Terence Cooke,Q1344779,17,St. Patrick's Cathedral,40.758611111,-73.976388888,http://commons.wikimedia.org/wiki/Special:FilePath/Terence%20Cardinal%20Cooke%2C%20Archbishop%2C%20Diocese%20of%20New%20York.jpg,https://www.wikidata.org/wiki/Q1344779,
Vilmos Apor,Q658853,17,"Cathedral Basilica of the Assumption of Our Lady, Győr",47.689002,17.631349,http://commons.wikimedia.org/wiki/Special:FilePath/Apor%20Vilmos.jpg,https://www.wikidata.org/wiki/Q658853,
Albert of Louvain,Q1392380,16,Reims Cathedral,49.253888888,4.034166666,http://commons.wikimedia.org/wiki/Special:FilePath/Archduke%20Albert%20with%20Albert%20of%20Louvain.jpg,https://www.wikidata.org/wiki/Q1392380,
Aldegund,Q271330,16,Maubeuge Abbey,50.277222,3.977222,http://commons.wikimedia.org/wiki/Special:FilePath/H.%20Aldegondis%20van%20Maubeuge%2C%20RP-P-1904-365.jpg,https://www.wikidata.org/wiki/Q271330,
Alphonsus Rodriguez,Q582213,16,Church of Mount Zion of Palma,39.567277777,2.652694444,http://commons.wikimedia.org/wiki/Special:FilePath/AlonsoRodrigMallorca.jpg,https://www.wikidata.org/wiki/Q582213,
Anna Maria Taigi,Q290012,16,San Crisogono,41.8891,12.473732,http://commons.wikimedia.org/wiki/Special:FilePath/Ana%20Mar%C3%ADa%20Taigi.JPG,https://www.wikidata.org/wiki/Q290012,
Baptista Mantuanus,Q810973,16,Mantua Cathedral,45.160707,10.79742,http://commons.wikimedia.org/wiki/Special:FilePath/Portret%20van%20Baptista%20Mantuanus%2C%20RP-P-1874-12-49-4%20%28cropped%29.jpg,https://www.wikidata.org/wiki/Q810973,
Casilda of Toledo,Q1236283,16,Sanctuary of Santa Casilda,42.5549375,-3.4009375,http://commons.wikimedia.org/wiki/Special:FilePath/Francisco%20de%20Zurbar%C3%A1n%20-%20Santa%20Casilda.jpg,https://www.wikidata.org/wiki/Q1236283,
Ceferino Giménez Malla,Q1010534,16,Cemetery of the Diocesis of Barbastro,42.033423,0.120704,http://commons.wikimedia.org/wiki/Special:FilePath/Ceferino%20Gim%C3%A9nez%20Malla%201861-1936.jpg,https://www.wikidata.org/wiki/Q1010534,
Clara Fey,Q76701,16,Aachen Cathedral,50.77475,6.083922222,http://commons.wikimedia.org/wiki/Special:FilePath/Clara%20fey.jpg,https://www.wikidata.org/wiki/Q76701,
Francisco Palau,Q921193,16,Province of Tarragona,41.166666666,1.0,http://commons.wikimedia.org/wiki/Special:FilePath/Palaugran.JPG,https://www.wikidata.org/wiki/Q921193,
Heribert of Cologne,Q660370,16,Deutz Abbey,50.938061111,6.9697,http://commons.wikimedia.org/wiki/Special:FilePath/Kreuzau%20St.%20Heribert5736%20%28detail1%29.jpg,https://www.wikidata.org/wiki/Q660370,
Hugh of Lincoln,Q924107,16,Lincoln,53.25,-0.55,http://commons.wikimedia.org/wiki/Special:FilePath/Hug-lin-pi.jpg,https://www.wikidata.org/wiki/Q924107,
Joaquina Vedruna,Q288442,16,Vic,41.930379,2.254575,http://commons.wikimedia.org/wiki/Special:FilePath/Joaquima%20de%20V%2C%20Morell%2C%201903.jpg,https://www.wikidata.org/wiki/Q288442,
Juliana Falconieri,Q292196,16,Florence,43.771388888,11.254166666,http://commons.wikimedia.org/wiki/Special:FilePath/Annunziata%2C%20reliquie%20della%20beata%20giuliana%20falconieri%2002.JPG,https://www.wikidata.org/wiki/Q292196,
Karl Leisner,Q62949,16,Xanten Cathedral,51.662306,6.453317,http://commons.wikimedia.org/wiki/Special:FilePath/Karl%20Leisner%201.1%20%28cropped%29.jpg,https://www.wikidata.org/wiki/Q62949,
Marcelo Spinola y Maestre,Q710764,16,Seville Cathedral,37.385742159,-5.993095562,http://commons.wikimedia.org/wiki/Special:FilePath/Beato%20Marcelo%20Spinola.JPG,https://www.wikidata.org/wiki/Q710764,
Philastrius,Q731114,16,Duomo Nuovo,45.538628,10.221909,http://commons.wikimedia.org/wiki/Special:FilePath/Sarcofago%20Berardo%20Maggi%20by%20Stefano%20Bolognini%20particolare3.JPG,https://www.wikidata.org/wiki/Q731114,
Robert of Arbrissel,Q1346861,16,Royal abbey of Fontevraud,47.181388888,0.051666666,http://commons.wikimedia.org/wiki/Special:FilePath/ArbrisselRobert%20gravat.jpg,https://www.wikidata.org/wiki/Q1346861,
Saint Bassian,Q1289858,16,Lodi Cathedral,45.31435833,9.50308889,http://commons.wikimedia.org/wiki/Special:FilePath/San%20Bassiano%20-%20litografia.jpg,https://www.wikidata.org/wiki/Q1289858,
Wulfstan,Q1272586,16,Worcester Cathedral,52.1887,-2.2208,http://commons.wikimedia.org/wiki/Special:FilePath/Holy%20Trinity%20Long%20Itchington%20St%20Wulfstan%20%283118695706%29.jpg,https://www.wikidata.org/wiki/Q1272586,
Ángel Herrera Oria,Q251711,16,Cathedral Basilica of the Virgin of Incarnation,36.720042,-4.42012,http://commons.wikimedia.org/wiki/Special:FilePath/%C3%81ngel%20Herrera%20Oria.png,https://www.wikidata.org/wiki/Q251711,
Antonio Bello,Q3619241,15,Alessano,39.883333333,18.333333333,http://commons.wikimedia.org/wiki/Special:FilePath/Toninobello.jpg,https://www.wikidata.org/wiki/Q3619241,
August Czartoryski,Q695530,15,Przemyśl,49.78345,22.78424,http://commons.wikimedia.org/wiki/Special:FilePath/August%20Franciszek%20Maria%20Anna%20J%C3%B3zef%20Kajetan%20Czartoryski%20Mu%C3%B1oz%2C%20duque%20de%20Vista%20Alegre.jpg,https://www.wikidata.org/wiki/Q695530,
Catald,Q1050218,15,Palermo,38.115658055,13.361261944,http://commons.wikimedia.org/wiki/Special:FilePath/San%20Cataldo%20-%20Supino%20FR%20%28particolare%20della%20statua%2C%201870%29.tiff,https://www.wikidata.org/wiki/Q1050218,
Ciriaco María Sancha y Hervás,Q187744,15,Toledo Cathedral,39.857083333,-4.023888888,http://commons.wikimedia.org/wiki/Special:FilePath/SANCHA.jpg,https://www.wikidata.org/wiki/Q187744,
Conrad of Piacenza,Q2541815,15,Sicily,37.6,14.016666666,http://commons.wikimedia.org/wiki/Special:FilePath/Saint%20Conrad%20Confalonieri-Giovanni%20Lanfranco-MBA%20Lyon%20A124-IMG%200341.jpg,https://www.wikidata.org/wiki/Q2541815,Catania Cathedral (Relics of St. Agatha)
Desiderius of Vienne,Q1200658,15,Saint Peter's church,45.523,4.87072,http://commons.wikimedia.org/wiki/Special:FilePath/Saint-Didier%20%2835%29%20%C3%89glise%20Saint-Didier%20et%20Saint-Golven%2007.jpg,https://www.wikidata.org/wiki/Q1200658,
Emil Kapaun,Q989327,15,Cathedral of the Immaculate Conception,37.69301,-97.335375,http://commons.wikimedia.org/wiki/Special:FilePath/Emil%20Kapaun.jpg,https://www.wikidata.org/wiki/Q989327,
Felix of Burgundy,Q1357293,15,Cambridgeshire,52.35,0.0,http://commons.wikimedia.org/wiki/Special:FilePath/Norwich%20Cathedral%20statue%20of%20Saint%20Felix.jpg,https://www.wikidata.org/wiki/Q1357293,
Florentina,Q2626436,15,Spain,40.2,-3.5,http://commons.wikimedia.org/wiki/Special:FilePath/Santa%20Florentina%20%2820240712%20092823%29.jpg,https://www.wikidata.org/wiki/Q2626436,
Frank Duff,Q178478,15,Glasnevin Cemetery,53.372222222,-6.277777777,http://commons.wikimedia.org/wiki/Special:FilePath/Frank%20Duff.png,https://www.wikidata.org/wiki/Q178478,
Giuseppe Benedetto Dusmet,Q639828,15,Catania Cathedral,37.50246,15.08821,http://commons.wikimedia.org/wiki/Special:FilePath/Giuseppe%20Benedetto%20Dusmet.jpg,https://www.wikidata.org/wiki/Q639828,Catania Cathedral (Relics of St. Agatha)
Guy of Anderlecht,Q1553720,15,Collegiate Church of St. Peter and St. Guy,50.83666667,4.30611111,http://commons.wikimedia.org/wiki/Special:FilePath/Saintguidon.JPG,https://www.wikidata.org/wiki/Q1553720,
István Sándor,Q12816413,15,"New Public Cemetery, Budapest",47.471944444,19.189166666,http://commons.wikimedia.org/wiki/Special:FilePath/Statue%20of%20Istv%C3%A1n%20S%C3%A1ndor%2C%20Szolnok%20%28part%29.jpg,https://www.wikidata.org/wiki/Q12816413,
Jacinto Vera,Q985056,15,Metropolitan Basilica Cathedral of the Immaculate Conception and San Felipe and Santiago,-34.907,-56.204111111,http://commons.wikimedia.org/wiki/Special:FilePath/Mons.%20Jacinto%20Vera%2C%20Primer%20Obispo%20de%20Montevideo%2C%201878.jpg,https://www.wikidata.org/wiki/Q985056,
Josip Stadler,Q434262,15,Cathedral of Jesus' Heart,43.8592918,18.4253936,http://commons.wikimedia.org/wiki/Special:FilePath/Josip%20%C5%A0tadler.jpg,https://www.wikidata.org/wiki/Q434262,
János Brenner,Q653023,15,Cathedral of the Visitation,47.23134,16.61737,http://commons.wikimedia.org/wiki/Special:FilePath/Budapest%2C%20csepeli%20Brenner%20J%C3%A1nos-szobor%202022%2002.jpg,https://www.wikidata.org/wiki/Q653023,
János Scheffler,Q719040,15,Ascension Cathedral,47.7926,22.8765,http://commons.wikimedia.org/wiki/Special:FilePath/Scheffler%20janos%20MK.jpg,https://www.wikidata.org/wiki/Q719040,
Margaret of Castello,Q3290785,15,San Domenico,43.10659,12.39176,http://commons.wikimedia.org/wiki/Special:FilePath/Andrea%20di%20bartolo%2C%20caterina%20da%20siena%20tra%20quattro%20beate%20domenicane%20e%20scene%20delle%20rispettive%20vite%2C%201394-98%20ca.%20%28ve%2C%20accademia%29%2009%20margherita%20di%20c.%20di%20castello.jpg,https://www.wikidata.org/wiki/Q3290785,
Margaret of Lorraine,Q442619,15,Basilica of Saint-Denis,48.935555555,2.359722222,http://commons.wikimedia.org/wiki/Special:FilePath/Margaret%20of%20Lorraine.jpg,https://www.wikidata.org/wiki/Q442619,Basilica of Saint-Denis
Marguerite d'Youville,Q288990,15,Basilica of St Ann of Varennes,45.683333333,-73.441666666,http://commons.wikimedia.org/wiki/Special:FilePath/James%20Duncan%20Marguerite%20d%20Youville.jpg,https://www.wikidata.org/wiki/Q288990,
Maria Gabriella Sagheddu,Q438170,15,Vitorchiano,42.466388888,12.173333333,http://commons.wikimedia.org/wiki/Special:FilePath/Maria%20Gabriella%20Sagheddu.JPG,https://www.wikidata.org/wiki/Q438170,
Oswine of Deira,Q879940,15,Tynemouth,55.017,-1.423,http://commons.wikimedia.org/wiki/Special:FilePath/Saint%20Oswine.jpg,https://www.wikidata.org/wiki/Q879940,
Peter Donders,Q2528626,15,Saint Peter and Paul Cathedral,5.828681,-55.154092,http://commons.wikimedia.org/wiki/Special:FilePath/Peerke%20Donders.jpg,https://www.wikidata.org/wiki/Q2528626,
Raymond of Capua,Q2460163,15,Basilica of St. Dominic,40.848731,14.254407,http://commons.wikimedia.org/wiki/Special:FilePath/Pierre%20Subleyras%20Raymond%20of%20Capua.jpg,https://www.wikidata.org/wiki/Q2460163,Basilica of St. Dominic (Tomb of St. Dominic)
Saint Paulina,Q289346,15,Brazil,-14.0,-53.0,http://commons.wikimedia.org/wiki/Special:FilePath/Santa%20Paolina.jpg,https://www.wikidata.org/wiki/Q289346,
Sunniva,Q291671,15,Bergen Cathedral,60.39388889,5.33055556,http://commons.wikimedia.org/wiki/Special:FilePath/StSunniva.jpg,https://www.wikidata.org/wiki/Q291671,
Teresa Margaret Redi,Q168304,15,Florence,43.771388888,11.254166666,http://commons.wikimedia.org/wiki/Special:FilePath/Teresa%20Margaret%20of%20the%20Sacred%20Heart.jpg,https://www.wikidata.org/wiki/Q168304,
Ubald,Q1261459,15,Basilica of Sant'Ubaldo,43.35619,12.58494,http://commons.wikimedia.org/wiki/Special:FilePath/UbaldoGubbio.jpg,https://www.wikidata.org/wiki/Q1261459,
William Joseph Chaminade,Q1353299,15,Chartreuse Cemetery,44.8355,-0.593991,http://commons.wikimedia.org/wiki/Special:FilePath/G.-J.%20Chaminade%20%28Joseph%20Vabre%2C%201954%29.jpg,https://www.wikidata.org/wiki/Q1353299,
Émile Biayenda,Q601502,15,Kinshasa,-4.321944444,15.311944444,,https://www.wikidata.org/wiki/Q601502,
Anne-Marie Javouhey,Q2565862,14,Père Lachaise Cemetery,48.861111111,2.394166666,http://commons.wikimedia.org/wiki/Special:FilePath/Javouhey.jpg,https://www.wikidata.org/wiki/Q2565862,
Anselm of Lucca,Q1040234,14,Mantua Cathedral,45.160707,10.79742,http://commons.wikimedia.org/wiki/Special:FilePath/Sant%27%20anselmo%20II%20di%20Lucca.jpg,https://www.wikidata.org/wiki/Q1040234,
Anton Durcovici,Q589043,14,Cemetery of the Poor in Sighet,47.931391,23.860998,http://commons.wikimedia.org/wiki/Special:FilePath/Vescovo%20Anton%20Durcovici.jpg,https://www.wikidata.org/wiki/Q589043,
Austrebertha,Q2718914,14,Caudebec-en-Caux,49.526388888,0.726111111,http://commons.wikimedia.org/wiki/Special:FilePath/Statue%20sainte%20austreberthe.jpg,https://www.wikidata.org/wiki/Q2718914,
Boļeslavs Sloskāns,Q2909331,14,Aglona Basilica,56.126944444,27.015555555,,https://www.wikidata.org/wiki/Q2909331,
Colmán of Lindisfarne,Q1110134,14,Iona,56.33,-6.41,http://commons.wikimedia.org/wiki/Special:FilePath/Kilbennan%20St.%20Benin%27s%20Church%20Window%20St.%20Colman%20Detail%202010%2009%2016.jpg,https://www.wikidata.org/wiki/Q1110134,
Earconwald,Q1355095,14,Old St Paul's Cathedral,51.5136,-0.0983333,http://commons.wikimedia.org/wiki/Special:FilePath/Chertsey%20Breviary%20-%20St.%20Erkenwald.jpg,https://www.wikidata.org/wiki/Q1355095,
Edmund of Abingdon,Q1235967,14,Pontigny Abbey,47.909419,3.714472,http://commons.wikimedia.org/wiki/Special:FilePath/Nuremberg%20chronicles%20-%20Edmund%2C%20Archbishop%20of%20Canterbury%20%28CCLXIIv%29.jpg,https://www.wikidata.org/wiki/Q1235967,
Edvige Carboni,Q24203282,14,Albano Laziale,41.733333333,12.666666666,http://commons.wikimedia.org/wiki/Special:FilePath/Edvige%20Carboni.jpg,https://www.wikidata.org/wiki/Q24203282,
Epiphanius of Pavia,Q655381,14,Hildesheim Cathedral,52.148889,9.947222,http://commons.wikimedia.org/wiki/Special:FilePath/Hildesheim%20StGodehard%20Tympanon.jpg,https://www.wikidata.org/wiki/Q655381,
Françoise d'Amboise,Q271833,14,"collegiate Notre-Dame, Nantes",47.2185,-1.55221,http://commons.wikimedia.org/wiki/Special:FilePath/Fcse%20d%20amboise.jpg,https://www.wikidata.org/wiki/Q271833,
Fulgentius of Cartagena,Q2616176,14,Spain,40.2,-3.5,http://commons.wikimedia.org/wiki/Special:FilePath/San%20Fulgencio%20%2820240712%20092754%29.jpg,https://www.wikidata.org/wiki/Q2616176,
Gero,Q561828,14,Cologne Cathedral,50.941388888,6.958333333,http://commons.wikimedia.org/wiki/Special:FilePath/Gerokreuz%20wunder.jpg,https://www.wikidata.org/wiki/Q561828,
James of the Marches,Q2716620,14,Q28669487,42.89243,13.83422,http://commons.wikimedia.org/wiki/Special:FilePath/Carlo%20Crivelli%20St%20James%20of%20the%20Marches%201477.jpg,https://www.wikidata.org/wiki/Q2716620,
Jan Cieplak,Q2638523,14,Vilnius Cathedral,54.685888888,25.287877777,http://commons.wikimedia.org/wiki/Special:FilePath/Jan%20Cieplak.jpg,https://www.wikidata.org/wiki/Q2638523,St. Casimir Chapel
Joseph Pignatelli,Q1352107,14,Church of the Gesù,41.895833333,12.479722222,http://commons.wikimedia.org/wiki/Special:FilePath/Chiesa%20del%20gesu%20roma%20giuseppe%20pignatelli%20high.jpg,https://www.wikidata.org/wiki/Q1352107,Church of the Gesu (Tomb of St. Ignatius of Loyola)
Juan Grande,Q2085325,14,Santuario Diocesano San Juan Grande,36.691337977,-6.149751794,http://commons.wikimedia.org/wiki/Special:FilePath/Pinto.%20San%20Juan%20Grande.JPG,https://www.wikidata.org/wiki/Q2085325,
Karolina Gerhardinger,Q73078,14,St. Jakob's Church,48.134021107,11.572036752,http://commons.wikimedia.org/wiki/Special:FilePath/Karolina%20Gerhardinger%20%28Korbinianbr%C3%BCcke%20Freising%29.JPG,https://www.wikidata.org/wiki/Q73078,
Maximin of Trier,Q660678,14,Trier,49.75565,6.63935,http://commons.wikimedia.org/wiki/Special:FilePath/Ettringen%20St.%20Maximin%20und%20Anna152.JPG,https://www.wikidata.org/wiki/Q660678,
Raffaele Rossi,Q1226003,14,Santa Teresa,41.91134,12.49499,http://commons.wikimedia.org/wiki/Special:FilePath/Cardinal%20Rossi%20%28cropped%29.JPG,https://www.wikidata.org/wiki/Q1226003,
Riccardo Pampuri,Q120768,14,Lombardy,45.65,9.95,http://commons.wikimedia.org/wiki/Special:FilePath/Pampuri.jpg,https://www.wikidata.org/wiki/Q120768,
Rögnvald Kali Kolsson,Q2109400,14,"St Magnus Cathedral, Kirkwall",58.9814,-2.9599,http://commons.wikimedia.org/wiki/Special:FilePath/St%20Magnus%20Cathedral%20-%20St%20Rognvald%2020110523.jpg,https://www.wikidata.org/wiki/Q2109400,
Saint Alice,Q1860408,14,Brussels-Capital Region,50.846666666,4.3525,http://commons.wikimedia.org/wiki/Special:FilePath/Schaerbeek%20Eglise%20Sainte-Alice%20010.jpg,https://www.wikidata.org/wiki/Q1860408,
Saint Simon de Valois,Q176550,14,St. Peter's Basilica,41.902222222,12.453416666,http://commons.wikimedia.org/wiki/Special:FilePath/Mouthe%2C%20statue%20de%20Saint-Simon%20de%20Cr%C3%A9py.jpg,https://www.wikidata.org/wiki/Q176550,St. Peter's Basilica
Severin of Cologne,Q569537,14,Basilica of St. Severin,50.923478,6.959717,http://commons.wikimedia.org/wiki/Special:FilePath/Rathausturm%20K%C3%B6ln%20-%20Evergislus%20-%20Severin%20%284171-73%29.jpg,https://www.wikidata.org/wiki/Q569537,
Valeriu Traian Frențiu,Q2484792,14,Cemetery of the Poor in Sighet,47.931391,23.860998,http://commons.wikimedia.org/wiki/Special:FilePath/Valeriu%20Traian%20Fren%C8%9Biu%202019%20stamp%20of%20Romania.jpg,https://www.wikidata.org/wiki/Q2484792,
Vasyl Velychkovsky,Q48682,14,Winnipeg,49.895555555,-97.138611111,http://commons.wikimedia.org/wiki/Special:FilePath/%D0%92%D0%B0%D1%81%D0%B8%D0%BB%D1%96%D0%B9%20%D0%92%D0%B5%D0%BB%D0%B8%D1%87%D0%BA%D0%BE%D0%B2%D1%81%D1%8C%D0%BA%D0%B8%D0%B9%20%D1%96%20%D0%9C%D0%B8%D0%BA%D0%BE%D0%BB%D0%B0%20%D0%A7%D0%B0%D1%80%D0%BD%D0%B5%D1%86%D1%8C%D0%BA%D0%B8%D0%B9.%20%D0%A6%D0%B5%D1%80%D0%BA%D0%B2%D0%B0%20%D0%9F%D0%B5%D1%82%D1%80%D0%B0%20%D1%96%20%D0%9F%D0%B0%D0%B2%D0%BB%D0%B0.%20%D0%9D%D0%BE%D0%B2%D0%BE%D1%8F%D0%B2%D0%BE%D1%80%D1%96%D0%B2%D1%81%D1%8C%D0%BA.jpg,https://www.wikidata.org/wiki/Q48682,
Áron Márton,Q289962,14,St. Michael's Cathedral,46.06762,23.56995,http://commons.wikimedia.org/wiki/Special:FilePath/M%C3%A1rton%20%C3%81ron%20p%C3%BCsp%C3%B6k.jpg,https://www.wikidata.org/wiki/Q289962,
Ælfric of Abingdon,Q19179,14,Canterbury Cathedral,51.279811,1.083001,http://commons.wikimedia.org/wiki/Special:FilePath/Abingdon%20Abbey%2C%20geograph.jpg,https://www.wikidata.org/wiki/Q19179,Canterbury Cathedral (Tomb of St. Anselm)
Amadeus of Portugal,Q2528283,13,Santa Maria della Pace,45.459734,9.201432,http://commons.wikimedia.org/wiki/Special:FilePath/Beato%20Amadeo%20da%20Silva.jpg,https://www.wikidata.org/wiki/Q2528283,
Angela Salawa,Q4762545,13,Church of St. Francis of Assisi,50.059128,19.935725,http://commons.wikimedia.org/wiki/Special:FilePath/Salawa2.JPG,https://www.wikidata.org/wiki/Q4762545,Basilica of St. Francis of Assisi
Angelo d'Acri,Q2849312,13,basilica de Sant'Angelo d'Acri,39.48666667,16.385,http://commons.wikimedia.org/wiki/Special:FilePath/Angelo%20d%27Acri%20%28cropped%29.jpg,https://www.wikidata.org/wiki/Q2849312,
Antonietta Meo,Q377168,13,Basilica of the Holy Cross in Jerusalem,41.887777777,12.516388888,http://commons.wikimedia.org/wiki/Special:FilePath/Antonietta%20Meo.jpg,https://www.wikidata.org/wiki/Q377168,
Augustine Tolton,Q2841266,13,Quincy,39.932222222,-91.388611111,http://commons.wikimedia.org/wiki/Special:FilePath/Augustus%20Tolton.jpg,https://www.wikidata.org/wiki/Q2841266,
Bolesława Lament,Q456721,13,Shrine of Blessed Bolesława Lament in Białystok,53.1327,23.1459,http://commons.wikimedia.org/wiki/Special:FilePath/Boles%C5%82awa%20Lament%20mal.%20Zbigniew%20Koty%C5%82%C5%82o.jpg,https://www.wikidata.org/wiki/Q456721,
Brynolfus,Q332860,13,Skara Cathedral,58.38651,13.43924,http://commons.wikimedia.org/wiki/Special:FilePath/Brynolphus.JPG,https://www.wikidata.org/wiki/Q332860,
Didacus Joseph of Cadiz,Q2698619,13,Málaga Province,36.716666666,-4.416666666,http://commons.wikimedia.org/wiki/Special:FilePath/Diego%20de%20C%C3%A1diz%20%28cropped%29.jpg,https://www.wikidata.org/wiki/Q2698619,
Egwin of Evesham,Q515156,13,Evesham Abbey,52.0913,-1.9468,http://commons.wikimedia.org/wiki/Special:FilePath/Evesham%2C%20St%20Lawrence%27s%20church%20window%20%2838248535402%29.jpg,https://www.wikidata.org/wiki/Q515156,
Eustorgius I,Q2571165,13,Basilica of Sant'Eustorgio,45.453926,9.181407,http://commons.wikimedia.org/wiki/Special:FilePath/Sant%20Eustorgio%20di%20Milano.jpg,https://www.wikidata.org/wiki/Q2571165,
Francis Fasani,Q603217,13,Foggia,41.45845,15.55188,http://commons.wikimedia.org/wiki/Special:FilePath/Sanfrancescofasani.jpg,https://www.wikidata.org/wiki/Q603217,
Franciscana Cirer,Q135159,13,Sencelles,39.646444,2.897816,http://commons.wikimedia.org/wiki/Special:FilePath/Francinaina%20Cirer.jpg,https://www.wikidata.org/wiki/Q135159,
Jacques Fesch,Q934377,13,Saint Germain-en-Laye Old Communal Cemetery,48.9003,2.08222,http://commons.wikimedia.org/wiki/Special:FilePath/Jacques%20Fesch%20mugshot.png,https://www.wikidata.org/wiki/Q934377,
John of Beverley,Q1702263,13,Beverley Minster,53.839166666,-0.424722222,http://commons.wikimedia.org/wiki/Special:FilePath/Statue%20-%20St%20John%20of%20Beverley%20on%20the%20Minster.jpg,https://www.wikidata.org/wiki/Q1702263,
Josaphat Kotsylovsky,Q392334,13,Annunciation to the Blessed Virgin Mary Church in Stryi,49.262222222,23.861944444,http://commons.wikimedia.org/wiki/Special:FilePath/Jozafat%20Kocy%C5%82owski.png,https://www.wikidata.org/wiki/Q392334,
Justus and Pastor,Q2671799,13,Cathedral of los Santos Niños Justo y Pastor de Alcalá de Henares,40.480525,-3.369258,http://commons.wikimedia.org/wiki/Special:FilePath/Catedral%20Magistral%20de%20Alcal%C3%A1%20de%20Henares%20%28RPS%2010-03-2018%29%20Santos%20Ni%C3%B1os%20Justo%20y%20Pastor.png,https://www.wikidata.org/wiki/Q2671799,
Luisa Carvajal y Mendoza,Q4967013,13,Real Monasterio de la Encarnación,40.419895,-3.711441,http://commons.wikimedia.org/wiki/Special:FilePath/Retrato-L.%20Carvajal%20y%20Mendoza-1.jpg,https://www.wikidata.org/wiki/Q4967013,
Michael de Sanctis,Q920226,13,"Church of San Nicolás de Bari, Valladolid",41.657747222,-4.730113888,http://commons.wikimedia.org/wiki/Special:FilePath/091015-Ausa%20021.JPG,https://www.wikidata.org/wiki/Q920226,
Petro Oros,Q12140197,13,Bilky,48.329444444,23.139722222,,https://www.wikidata.org/wiki/Q12140197,
Rolando Rivi,Q2267618,13,Emilia-Romagna,44.75,11.0,http://commons.wikimedia.org/wiki/Special:FilePath/Rolando%20Rivi.jpg,https://www.wikidata.org/wiki/Q2267618,
Roseline de Villeneuve,Q143109,13,Les Arcs,43.463333333,6.478888888,http://commons.wikimedia.org/wiki/Special:FilePath/Portrait%20de%20Sainte%20Roseline%20de%20Villeneuve.jpg,https://www.wikidata.org/wiki/Q143109,
Saint Faro,Q2234678,13,Meaux Cathedral,48.96,2.878889,,https://www.wikidata.org/wiki/Q2234678,
Stephana de Quinzanis,Q508550,13,Lombardy,45.65,9.95,http://commons.wikimedia.org/wiki/Special:FilePath/Quinzani.jpg,https://www.wikidata.org/wiki/Q508550,
Zofia Czeska,Q8073361,13,St. Mary's Basilica in Kraków,50.061666666,19.939166666,http://commons.wikimedia.org/wiki/Special:FilePath/Church%20of%20St.%20John%20the%20Baptist%20and%20St.%20John%20the%20Evangelist%2C%20chapel%20of%20bl.%20Zofia%20Czeska%2C%207%20%C5%9Bw.%20Jana%20street%2C%20Old%20Town%2C%20Krak%C3%B3w%2C%20Poland%20%28cropped%29.jpg,https://www.wikidata.org/wiki/Q8073361,
Æthelhard,Q2397627,13,Canterbury,51.278333333,1.0775,http://commons.wikimedia.org/wiki/Special:FilePath/Early%20medieval%20coin%2C%20Penny%20of%20Aethelheard%2C%20Archbishop%20of%20Canterbury%20under%20Offa%20%28FindID%20584096%29.jpg,https://www.wikidata.org/wiki/Q2397627,Canterbury Cathedral (Tomb of St. Anselm)
Acca of Hexham,Q338268,12,Hexham Abbey,54.9715,-2.10296,http://commons.wikimedia.org/wiki/Special:FilePath/Acca%27s%20cross.JPG,https://www.wikidata.org/wiki/Q338268,
Andrea Giacinto Longhin,Q3615755,12,Treviso Cathedral,45.6665,12.2427,http://commons.wikimedia.org/wiki/Special:FilePath/Longhin2.jpg,https://www.wikidata.org/wiki/Q3615755,
Ansfried of Utrecht,Q569687,12,"St. Martin's Cathedral, Utrecht",52.090920352,5.122233261,http://commons.wikimedia.org/wiki/Special:FilePath/Abdijkerk%20Thorn%20-%20Ramen%20H-Ansifridus%20H-Hilsonidis.jpg,https://www.wikidata.org/wiki/Q569687,
Anton Mahnič,Q344599,12,Krk Cathedral,45.02582,14.5759,http://commons.wikimedia.org/wiki/Special:FilePath/Anton%20Mahni%C4%8D.jpg,https://www.wikidata.org/wiki/Q344599,
Bernard degli Uberti,Q2259281,12,Parma Cathedral,44.80334,10.33092,http://commons.wikimedia.org/wiki/Special:FilePath/Pietro%20Perugino%20061.jpg,https://www.wikidata.org/wiki/Q2259281,
Beuno,Q612390,12,Clynnog Fawr,53.0209,-4.3647,http://commons.wikimedia.org/wiki/Special:FilePath/Saint%20Beuno%20Window.png,https://www.wikidata.org/wiki/Q612390,
Bona of Pisa,Q452435,12,San Martino Church,43.71275,10.40475,http://commons.wikimedia.org/wiki/Special:FilePath/Santa%20Bona%20-%20Giovanni%20Lorenzetti.jpg,https://www.wikidata.org/wiki/Q452435,
Calepodius,Q2387141,12,Santa Maria in Trastevere,41.889444,12.469722,,https://www.wikidata.org/wiki/Q2387141,
Celine Borzecka,Q268990,12,Kęty,49.88214,19.22333,http://commons.wikimedia.org/wiki/Special:FilePath/Celina%20Chludzi%C5%84ska-Borz%C4%99cka.jpg,https://www.wikidata.org/wiki/Q268990,
Domitian of Melitene,Q15410608,12,Turkey,39.0,36.0,http://commons.wikimedia.org/wiki/Special:FilePath/Menologion%20of%20Basil%20032.jpg,https://www.wikidata.org/wiki/Q15410608,
Gregory of Utrecht,Q1545233,12,"St. Martin's Cathedral, Utrecht",52.090920352,5.122233261,http://commons.wikimedia.org/wiki/Special:FilePath/Reliquienbueste%20Gregor%20von%20Utrecht.jpeg,https://www.wikidata.org/wiki/Q1545233,
Juan del Castillo,Q210328,12,Brazil,-14.0,-53.0,http://commons.wikimedia.org/wiki/Special:FilePath/CastilloJuan.jpg,https://www.wikidata.org/wiki/Q210328,
Louise Thérèse de Montaignac,Q456410,12,Montluçon,46.34,2.6025,http://commons.wikimedia.org/wiki/Special:FilePath/Louise%20Th%C3%A9r%C3%A8se%20de%20Montaignac.jpg,https://www.wikidata.org/wiki/Q456410,
Maria Anna Blondin,Q2467753,12,"Cathedral of St Jerome, Saint-Jérôme",45.778055555,-74.0025,http://commons.wikimedia.org/wiki/Special:FilePath/Marie-Anne%20Blondin.jpg,https://www.wikidata.org/wiki/Q2467753,
"Matilda, Abbess of Quedlinburg",Q273319,12,Quedlinburg Abbey,51.785944444,11.136805555,,https://www.wikidata.org/wiki/Q273319,
Peter de Regalado,Q59071,12,convent of San Pedro Regalado,41.733355555,-3.7781,http://commons.wikimedia.org/wiki/Special:FilePath/Estatua%20San%20Pedro%20Regalado%2001.jpg,https://www.wikidata.org/wiki/Q59071,
Pierre Toussaint,Q945051,12,St. Patrick's Old Cathedral Churchyard,40.72398,-73.99491,http://commons.wikimedia.org/wiki/Special:FilePath/Pierre%20Toussaint.jpg,https://www.wikidata.org/wiki/Q945051,
Rainerius,Q1383532,12,Pisa Cathedral,43.723293,10.395502,http://commons.wikimedia.org/wiki/Special:FilePath/Andrea%20di%20Bonaiuto%20-%20Scenes%20from%20the%20Life%20of%20St%20Rainerus%20%28detail%29%20-%20WGA00312.jpg,https://www.wikidata.org/wiki/Q1383532,
Richard the Pilgrim,Q1937309,12,Basilica of San Frediano,43.846111,10.504722,http://commons.wikimedia.org/wiki/Special:FilePath/Richard%20of%20wessex.jpg,https://www.wikidata.org/wiki/Q1937309,
Saint Ermengol,Q2696705,12,Cathedral of Santa Maria d'Urgell,42.357851,1.461917,http://commons.wikimedia.org/wiki/Special:FilePath/Sant%20Ermengol%20a%20la%20catedral%20d%27Urgell.JPG,https://www.wikidata.org/wiki/Q2696705,
Seraphin of Montegranaro,Q729811,12,San Serafino da Montegranaro,42.858431,13.568329,http://commons.wikimedia.org/wiki/Special:FilePath/San%20Serafino%20de%20Montegranaro.jpg,https://www.wikidata.org/wiki/Q729811,
Sisto Riario Sforza,Q1642936,12,Naples Cathedral,40.852606,14.259528,http://commons.wikimedia.org/wiki/Special:FilePath/Sisto%20Riario%20Sforza.jpg,https://www.wikidata.org/wiki/Q1642936,Naples Cathedral (Relics of St. Januarius)
Symeon Lukach,Q1313414,12,Starunia,48.710555555,24.491388888,http://commons.wikimedia.org/wiki/Special:FilePath/Simeon%20Lukach.jpg,https://www.wikidata.org/wiki/Q1313414,
Theodard of Maastricht,Q206415,12,Liège,50.639722222,5.570555555,http://commons.wikimedia.org/wiki/Special:FilePath/Theodard%20Maastricht.JPG,https://www.wikidata.org/wiki/Q206415,
Valerius of Trier,Q553653,12,St. Matthias' Abbey,49.737975,6.631486,,https://www.wikidata.org/wiki/Q553653,
Wulfram of Sens,Q743830,12,Royal Abbey of Saint Wandrille,49.529561111,0.76655,http://commons.wikimedia.org/wiki/Special:FilePath/St%20Wulfram%27s%2C%20Grantham%20-%20tabernacle.jpg,https://www.wikidata.org/wiki/Q743830,
Zoe of Rome,Q2341507,12,Santa Prassede,41.896111111,12.498611111,http://commons.wikimedia.org/wiki/Special:FilePath/Christian%20heroes%20and%20martyrs%20%281895%29%20%2814801560643%29.jpg,https://www.wikidata.org/wiki/Q2341507,
Ælfflæd of Whitby,Q2480751,12,Whitby Abbey,54.488,-0.607508,http://commons.wikimedia.org/wiki/Special:FilePath/Cuthbert%20and%20%C3%86lfflaed%20at%20Coquet%20Island.jpg,https://www.wikidata.org/wiki/Q2480751,
Íñigo of Oña,Q3821148,12,monastery of San Salvador de Oña,42.733611111,-3.413055555,http://commons.wikimedia.org/wiki/Special:FilePath/Asunci%C3%B3n%20de%20la%20Virgen%20y%20San%20%C3%8D%C3%B1igo%2C%20attributed%20to%20Francisco%20de%20Goya.jpg,https://www.wikidata.org/wiki/Q3821148,
Alain de Solminihac,Q2084669,11,Cahors Cathedral,44.447222222,1.443055555,http://commons.wikimedia.org/wiki/Special:FilePath/Alain%20de%20Solminihac%20%281593-1659%29.jpg,https://www.wikidata.org/wiki/Q2084669,
Albero I of Louvain,Q708191,11,Église Saint-Gilles,50.6313,5.54741,,https://www.wikidata.org/wiki/Q708191,
Amadeus of Lausanne,Q452014,11,Lausanne Cathedral,46.5225,6.635555555,http://commons.wikimedia.org/wiki/Special:FilePath/Amadeus%20von%20lausanne.jpg,https://www.wikidata.org/wiki/Q452014,
Angeline of Marsciano,Q1768154,11,Umbria,42.983333333,12.566666666,http://commons.wikimedia.org/wiki/Special:FilePath/Angelina%20corbara%20marsciano.JPG,https://www.wikidata.org/wiki/Q1768154,
Arialdo,Q654678,11,Milan Cathedral,45.463968,9.190578,http://commons.wikimedia.org/wiki/Special:FilePath/0316%20-%20Milano%20-%20San%20Calimero%20-%20Foto%20Giovanni%20Dall%27Orto%205-May-2007.jpg,https://www.wikidata.org/wiki/Q654678,
Cuthbert of Canterbury,Q177896,11,Canterbury,51.278333333,1.0775,,https://www.wikidata.org/wiki/Q177896,Canterbury Cathedral (Tomb of St. Anselm)
Emma Üffing,Q96496,11,Münster Central Cemetery,51.9586,7.60958,http://commons.wikimedia.org/wiki/Special:FilePath/Maria%20Euthymia%20Gedenkweg%20Halverde%204.jpg,https://www.wikidata.org/wiki/Q96496,
Erhard of Regensburg,Q457654,11,Niedermünster,49.019508333,12.100677777,http://commons.wikimedia.org/wiki/Special:FilePath/Uta-Codex%20-%20Heiliger%20Erhard.jpg,https://www.wikidata.org/wiki/Q457654,
Franz Stock,Q76181,11,église Saint-Jean-Baptiste de Chartres,48.455723,1.479324,http://commons.wikimedia.org/wiki/Special:FilePath/Franz%20Stock%20portrait.jpg,https://www.wikidata.org/wiki/Q76181,
Galdino della Sala,Q3094561,11,Milan Cathedral,45.463968,9.190578,http://commons.wikimedia.org/wiki/Special:FilePath/San%20Galdino%201.jpg,https://www.wikidata.org/wiki/Q3094561,
Gerard I of Toul,Q1511823,11,Toul Cathedral,48.675278,5.894444,http://commons.wikimedia.org/wiki/Special:FilePath/Cath%C3%A9drale%20de%20Toul%2C%202009%20%28St%20G%C3%A9rard%29.jpg,https://www.wikidata.org/wiki/Q1511823,
Giovanni Alberto Badoer,Q359466,11,Duomo Nuovo,45.538628,10.221909,http://commons.wikimedia.org/wiki/Special:FilePath/Gianalberto%20Badoaro.jpg,https://www.wikidata.org/wiki/Q359466,
Hanna Chrzanowska,Q9285951,11,Saint Nicholas church in Kraków,50.0608,19.9472,http://commons.wikimedia.org/wiki/Special:FilePath/HannaChrzanowska.JPG,https://www.wikidata.org/wiki/Q9285951,
Ignacy Kłopotowski,Q126058,11,Warsaw,52.23,21.011111111,http://commons.wikimedia.org/wiki/Special:FilePath/KsIgnacyK%C5%82opotowski.jpg,https://www.wikidata.org/wiki/Q126058,
Ivan Ziatyk,Q2500920,11,Irkutsk Oblast,57.366666666,106.0,,https://www.wikidata.org/wiki/Q2500920,
Klara Ludwika Szczęsna,Q11739620,11,Sacred Heart Church,50.0604,19.9276,http://commons.wikimedia.org/wiki/Special:FilePath/S.%20Klara%20Ludwika%20Szcz%C4%99sna.jpg,https://www.wikidata.org/wiki/Q11739620,
Louise of Savoy,Q450894,11,Turin,45.079166666,7.676111111,http://commons.wikimedia.org/wiki/Special:FilePath/Louise%20de%20Savoie%20bienheureuse.jpg,https://www.wikidata.org/wiki/Q450894,Basilica of Mary Help of Christians (Tomb of St. John Bosco)
Lupus of Sens,Q1495753,11,Abbaye Sainte-Colombe de Saint-Denis-lès-Sens,48.215437,3.272145,http://commons.wikimedia.org/wiki/Special:FilePath/SaintLupusSens.jpg,https://www.wikidata.org/wiki/Q1495753,
Manuel Basulto Jiménez,Q1133790,11,Jaén Cathedral,37.765024782,-3.789899576,http://commons.wikimedia.org/wiki/Special:FilePath/1910-03-17%2C%20Actualidades%2C%20Basulto%20Jim%C3%A9nez%2C%20Gracia%20%28cropped%29.jpg,https://www.wikidata.org/wiki/Q1133790,
Martinianus of Milan,Q3295868,11,Milan Cathedral,45.463968,9.190578,http://commons.wikimedia.org/wiki/Special:FilePath/Relic%20San%20Martiniano%202.jpg,https://www.wikidata.org/wiki/Q3295868,
Maurus of Parentium,Q1771530,11,Euphrasian Basilica,45.228611111,13.593611111,http://commons.wikimedia.org/wiki/Special:FilePath/Croatia%20Porec%20Euphrasius%20Basilika%20BW%202014-10-08%2010-44-45.jpg,https://www.wikidata.org/wiki/Q1771530,
Nicolò Rusca,Q125464,11,Santi Gervasio e Protasio,46.171248,9.871953,http://commons.wikimedia.org/wiki/Special:FilePath/Nicol%C3%B2%20Rusca.jpg,https://www.wikidata.org/wiki/Q125464,
Peter Coudrin,Q1343383,11,Picpus Cemetery,48.844055555,2.400194444,http://commons.wikimedia.org/wiki/Special:FilePath/Le%20bon%20pere%20Coudrin.jpg,https://www.wikidata.org/wiki/Q1343383,
Peter of Pappacarbone,Q2628665,11,Territorial Abbey of La Trinità della Cava,40.68222222,14.69083333,http://commons.wikimedia.org/wiki/Special:FilePath/San%20Pietro%20Pappacarbone.jpg,https://www.wikidata.org/wiki/Q2628665,
Père Jacques,Q471114,11,Couvent des Carmes d'Avon,48.4055,2.72,http://commons.wikimedia.org/wiki/Special:FilePath/Le%20p%C3%A8re%20Jacques%20de%20J%C3%A9sus.png,https://www.wikidata.org/wiki/Q471114,
Rosalie Rendu,Q3442221,11,Montparnasse Cemetery,48.83778,2.32833,http://commons.wikimedia.org/wiki/Special:FilePath/Rosalie%20Rendu.jpg,https://www.wikidata.org/wiki/Q3442221,
Salvius,Q3823386,11,Collégiale Saint-Salvy (Albi),43.92801,2.1446,http://commons.wikimedia.org/wiki/Special:FilePath/Albi%20-%20clo%C3%AEtre%20de%20la%20coll%C3%A9giale%20Saint-Salvy.JPG,https://www.wikidata.org/wiki/Q3823386,
Tarsykiya Matskiv,Q2074005,11,Khodoriv,49.41,24.309444444,http://commons.wikimedia.org/wiki/Special:FilePath/%D0%A1%D0%B5%D1%81%D1%82%D1%80%D0%B0%20%D0%A2%D0%B0%D1%80%D1%81%D0%B8%D0%BA%D1%96%D1%8F%20%D0%9C%D0%B0%D1%86%D1%8C%D0%BA%D1%96%D0%B2.jpg,https://www.wikidata.org/wiki/Q2074005,
Teresa Demjanovich,Q7702128,11,New Jersey,40.0,-74.5,http://commons.wikimedia.org/wiki/Special:FilePath/Demjanovi%C4%8Dov%C3%A1.JPG,https://www.wikidata.org/wiki/Q7702128,
Trudo,Q2589783,11,Sint-Truiden Abbey,50.81644,5.18669,http://commons.wikimedia.org/wiki/Special:FilePath/Saint%20Trudon.jpg,https://www.wikidata.org/wiki/Q2589783,
Valentine Berrio-Ochoa,Q9299178,11,"Basilica of la Purísima Concepción, Elorrio",43.1302,-2.5425,http://commons.wikimedia.org/wiki/Special:FilePath/Valentino-Vinh.jpg,https://www.wikidata.org/wiki/Q9299178,
William of York,Q275470,11,York Minster,53.961944,-1.081944,http://commons.wikimedia.org/wiki/Special:FilePath/Saved%20from%20the%20Ouse.jpg,https://www.wikidata.org/wiki/Q275470,
Émilie Gamelin,Q286728,11,Motherhouse of the Sisters of Providence,45.5294375,-73.7125625,http://commons.wikimedia.org/wiki/Special:FilePath/Marie-%C3%89milie-Eug%C3%A8ne%20Tavernier%20Madame%20Gamelin%20%28page%20141%20crop%29.jpg,https://www.wikidata.org/wiki/Q286728,
Adalbert of Egmond,Q2292236,10,Egmond Abbey,52.595,4.66028,http://commons.wikimedia.org/wiki/Special:FilePath/Adelbert%20van%20Egmond.jpg,https://www.wikidata.org/wiki/Q2292236,
Albuin,Q45474,10,Brixen Cathedral,46.715888,11.657763,http://commons.wikimedia.org/wiki/Special:FilePath/Ingenuin%20Albuin%20Brixen.jpg,https://www.wikidata.org/wiki/Q45474,
Anicet Kopliński,Q2976412,10,Oświęcim,50.038055555,19.221388888,http://commons.wikimedia.org/wiki/Special:FilePath/AnicetKopli%C5%84ski.jpg,https://www.wikidata.org/wiki/Q2976412,
Anne de Guigné,Q2851351,10,Annecy-le-Vieux,45.919166666,6.141944444,http://commons.wikimedia.org/wiki/Special:FilePath/Anne%20de%20Guign%C3%A9.jpg,https://www.wikidata.org/wiki/Q2851351,
Ascensión Nicol y Goñi,Q438525,10,Navarre,42.816666666,-1.65,http://commons.wikimedia.org/wiki/Special:FilePath/Ascensi%C3%B3n%20Nicol%20Go%C3%B1i.png,https://www.wikidata.org/wiki/Q438525,
Attala,Q593475,10,Bobbio Abbey,44.7667,9.387,http://commons.wikimedia.org/wiki/Special:FilePath/Saintattala.jpg,https://www.wikidata.org/wiki/Q593475,Bobbio Abbey (Tomb of St. Columba)
Atto of Pistoia,Q2876246,10,Pistoia Cathedral,43.933219,10.9179,http://commons.wikimedia.org/wiki/Special:FilePath/Bernardino%20Poccetti%20e%20aiuti%2C%20affreschi%20della%20sagrestia%20di%20san%20bartolomeo%20di%20ripoli%2C%201585%2C%20fregio%2008%20beato%20atto%20vescovo%20%28cropped%29.JPG,https://www.wikidata.org/wiki/Q2876246,
Boniface of Savoy,Q1174361,10,Royal Abbey of Hautecombe,45.752777777,5.839722222,http://commons.wikimedia.org/wiki/Special:FilePath/Ritratto%20di%20Bonifacio%20di%20Savoia%2C%201839%20-%20Accademia%20delle%20Scienze%20di%20Torino%20-%20Ritratti%200119%20B.jpg,https://www.wikidata.org/wiki/Q1174361,
Bregowine,Q1292135,10,Canterbury,51.278333333,1.0775,http://commons.wikimedia.org/wiki/Special:FilePath/StBrevin%20StBrevin.jpg,https://www.wikidata.org/wiki/Q1292135,Canterbury Cathedral (Tomb of St. Anselm)
Calimerius,Q2696878,10,Milan Cathedral,45.463968,9.190578,http://commons.wikimedia.org/wiki/Special:FilePath/0306%20-%20Milano%20-%20San%20Calimero%20-%20Cripta%20-%20Fiammenghini%20-%20San%20Calimero%20-%20Foto%20Giovanni%20Dall%27Orto%205-May-2007.jpg,https://www.wikidata.org/wiki/Q2696878,
Claude Poullart des Places,Q1097091,10,Saint-Étienne-du-Mont,48.84653,2.34803,http://commons.wikimedia.org/wiki/Special:FilePath/Claude%20Poullart%20des%20Places%20as%20a%20priest.jpg,https://www.wikidata.org/wiki/Q1097091,
Cunibert,Q78718,10,Cologne Cathedral,50.941388888,6.958333333,http://commons.wikimedia.org/wiki/Special:FilePath/Rathausturm%20K%C3%B6ln%20-%20Weisser%20Ewald%20-%20Kunibert%20%285949-51%29.jpg,https://www.wikidata.org/wiki/Q78718,
Daniel Brottier,Q464540,10,Saint Theresa Chapel at the Auteuil Foundation,48.851667,2.270972,http://commons.wikimedia.org/wiki/Special:FilePath/Daniel%20Brottier%20in%20WWI%20as%20chaplain.jpg,https://www.wikidata.org/wiki/Q464540,
Donatus of Fiesole,Q544904,10,Tuscany,43.45,11.2,http://commons.wikimedia.org/wiki/Special:FilePath/Verrocchio%20Madonna%20with%20Saint%20John%20the%20Baptist%20and%20Donatus%201475%201483.jpg,https://www.wikidata.org/wiki/Q544904,
Eucharius,Q289730,10,St. Matthias' Abbey,49.737975,6.631486,http://commons.wikimedia.org/wiki/Special:FilePath/Trier%20Siegel.jpg,https://www.wikidata.org/wiki/Q289730,
Franciszek Rogaczewski,Q445645,10,Zaspa Cemetery in Gdańsk,54.3932,18.6162,http://commons.wikimedia.org/wiki/Special:FilePath/FRANCISZEK%20ROGACZEWSKI.jpg,https://www.wikidata.org/wiki/Q445645,
Fridianus,Q1347495,10,Lucca Cathedral,43.84066,10.50587,http://commons.wikimedia.org/wiki/Special:FilePath/Lucca.San%20Frediano12.JPG,https://www.wikidata.org/wiki/Q1347495,
Gauzelin of Toul,Q1342715,10,Bouxières-aux-Dames,48.751944444,6.163055555,http://commons.wikimedia.org/wiki/Special:FilePath/Cathedrale%2001879%20Gauzelin.jpg,https://www.wikidata.org/wiki/Q1342715,
Getulius,Q1520143,10,Sant'Angelo in Pescheria,41.89265,12.4787,,https://www.wikidata.org/wiki/Q1520143,
John of Cologne,Q2296290,10,South Holland,52.0,4.666666666,http://commons.wikimedia.org/wiki/Special:FilePath/Gorum%20Johannes%20van%20Hoornaar.jpg,https://www.wikidata.org/wiki/Q2296290,
José Olallo,Q1608588,10,Cuba,22.0,-79.5,http://commons.wikimedia.org/wiki/Special:FilePath/Jos%C3%A9%20Olallo%20Vald%C3%A9s.jpg,https://www.wikidata.org/wiki/Q1608588,
Lawrence Booth,Q1788580,10,Southwell Minster,53.076667,-0.953889,,https://www.wikidata.org/wiki/Q1788580,
Ludovica Albertoni,Q434911,10,San Francesco a Ripa,41.885166,12.473147,http://commons.wikimedia.org/wiki/Special:FilePath/Beata%20Ludovica%20Albertoni%20%28Bernini%29.jpg,https://www.wikidata.org/wiki/Q434911,
Maria Merkert,Q448748,10,Basilica of St. Jacob and St. Agnes,50.4747,17.3344,http://commons.wikimedia.org/wiki/Special:FilePath/Maria%20Merkert%20mit%20Stammhaus%20in%20Neisse.jpg,https://www.wikidata.org/wiki/Q448748,
Maria Raffaella Cimatti,Q743010,10,Alatri Cathedral,41.725,13.34416667,http://commons.wikimedia.org/wiki/Special:FilePath/Maria%20Raffaella%20Cimatti%20%281925%29.png,https://www.wikidata.org/wiki/Q743010,
Mary Catherine of St. Augustine,Q169541,10,Église des Augustines-de-l'Hôtel-Dieu-de-Québec,46.81508,-71.21033,http://commons.wikimedia.org/wiki/Special:FilePath/Catherine%20de%20st%20augustin.jpg,https://www.wikidata.org/wiki/Q169541,
María Pilar Izquierdo Albero,Q2468909,10,Sacramental de San Lorenzo y San José cemetery,40.39361111,-3.71655278,http://commons.wikimedia.org/wiki/Special:FilePath/Maria%20Pilar%20Izquierdo%20Albero%20%281906%201945%29.jpg,https://www.wikidata.org/wiki/Q2468909,
Mykolas Giedraitis,Q3646443,10,Saint Mark church in Krakow,50.0645,19.9378,http://commons.wikimedia.org/wiki/Special:FilePath/Micha%C5%82%20Giedrojc.%20%D0%9C%D1%96%D1%85%D0%B0%D0%BB%20%D0%93%D0%B5%D0%B4%D1%80%D0%BE%D0%B9%D1%86.jpg,https://www.wikidata.org/wiki/Q3646443,
Nicolas Roland,Q3340759,10,Rue du Barbâtre,49.245,4.04412,http://commons.wikimedia.org/wiki/Special:FilePath/Nicolas%20Roland.jpg,https://www.wikidata.org/wiki/Q3340759,
Plechelm,Q3392202,10,Oldenzaal,52.3125,6.929166666,http://commons.wikimedia.org/wiki/Special:FilePath/Zegel%20Plechelmuskapittel%20anno%201244.jpg,https://www.wikidata.org/wiki/Q3392202,
Regina Protmann,Q84547,10,Q160814,54.381944444,19.823611111,http://commons.wikimedia.org/wiki/Special:FilePath/Braniewo%20-%20B%C5%82.%20Regina%20Protmann.JPG,https://www.wikidata.org/wiki/Q84547,
Sancja Szymkowiak,Q3948087,10,Q268,52.408333333,16.933611111,http://commons.wikimedia.org/wiki/Special:FilePath/Pozna%C5%84%20%C5%9Aw%20Wojciech%20382-64.jpg,https://www.wikidata.org/wiki/Q3948087,
Simpert,Q314027,10,Simpertuskapelle,48.3615,10.9003,http://commons.wikimedia.org/wiki/Special:FilePath/Sankt%20Konstantin%20V%C3%B6ls%20Kind%20aus%20dem%20Wolfsrachen.jpg,https://www.wikidata.org/wiki/Q314027,
Zygmunt Łoziński,Q3920705,10,Cathedral Basilica of the Assumption of the Blessed Virgin Mary,52.11291,26.10825,http://commons.wikimedia.org/wiki/Special:FilePath/BiskupZygmuntLazinski.jpg,https://www.wikidata.org/wiki/Q3920705,
Adelphus,Q355347,9,Neuwiller-lès-Saverne,48.823055555,7.401111111,http://commons.wikimedia.org/wiki/Special:FilePath/Neuwiller%20StPierre-Paul%20238.JPG,https://www.wikidata.org/wiki/Q355347,
Anton Vovk,Q365246,9,Žale Central Cemetery,46.070781083,14.531855141,http://commons.wikimedia.org/wiki/Special:FilePath/Anton%20Vovk.jpg,https://www.wikidata.org/wiki/Q365246,
Antonio Augusto Intreccialagli,Q3619200,9,Cattedrale di Monreale,38.081858333,13.292066666,http://commons.wikimedia.org/wiki/Special:FilePath/%D0%90%D0%B2.%D0%98%D0%BD%D1%82%D1%80..jpg,https://www.wikidata.org/wiki/Q3619200,
Benedetta Bianchi Porro,Q639507,9,Dovadola,44.116666666,11.883333333,http://commons.wikimedia.org/wiki/Special:FilePath/Benedetta%20Bianchi%20Porro.png,https://www.wikidata.org/wiki/Q639507,
Boniface of Brussels,Q892522,9,Church of Our Lady of the Chapel,50.841528,4.351111,http://commons.wikimedia.org/wiki/Special:FilePath/Boniface%20de%20Bruxelles.JPG,https://www.wikidata.org/wiki/Q892522,
Conrad of Bavaria,Q788806,9,Molfetta,41.2,16.6,http://commons.wikimedia.org/wiki/Special:FilePath/Saint-Conrad%20Cath%C3%A9drale%20de%20Molfetta.jpg,https://www.wikidata.org/wiki/Q788806,
Cornelia Connelly,Q5171155,9,Sussex,50.947102699,-0.141372694,http://commons.wikimedia.org/wiki/Special:FilePath/Cornelia%20Connelly.jpg,https://www.wikidata.org/wiki/Q5171155,
Dina Bélanger,Q3028232,9,Provincial House of the Religious of Jesus Mary,46.7764375,-71.2504375,http://commons.wikimedia.org/wiki/Special:FilePath/Dina%20B%C3%A9langer%20%281897-1929%29%20en%201912.jpg,https://www.wikidata.org/wiki/Q3028232,
Dionysius,Q3708520,9,Milan Cathedral,45.463968,9.190578,http://commons.wikimedia.org/wiki/Special:FilePath/San%20Dionigi%20di%20Milano%201.jpg,https://www.wikidata.org/wiki/Q3708520,
Dominic Loricatus,Q3496527,9,Marche,43.316666666,13.0,http://commons.wikimedia.org/wiki/Special:FilePath/Saint%20Dominic%20of%20Loricatus.%20Engraving%20after%20M.%20de%20Vos.%20%28cropped%29.jpg,https://www.wikidata.org/wiki/Q3496527,
Elisabeth Leseur,Q2740911,9,Cimetière parisien de Bagneux,48.805833333,2.309166666,http://commons.wikimedia.org/wiki/Special:FilePath/Elisabeth%20Leseur.jpg,https://www.wikidata.org/wiki/Q2740911,
Francisco Valdés Subercaseaux Padre Pancho,Q5867667,9,"St. Matthew's Cathedral, Osorno",-40.5738,-73.1345,http://commons.wikimedia.org/wiki/Special:FilePath/Francisco%20Valdes%20Subercaseaux.png,https://www.wikidata.org/wiki/Q5867667,
Franciszka Siedliska,Q1094869,9,Campo Verano,41.901516046,12.520300467,http://commons.wikimedia.org/wiki/Special:FilePath/Mother%20Frances%20Siedliska.jpg,https://www.wikidata.org/wiki/Q1094869,
Frédéric Janssoone,Q1816380,9,"Chapel of St Anthony, Trois-Rivières",46.351234,-72.548229,http://commons.wikimedia.org/wiki/Special:FilePath/P.Frederic-Jonhsoone-Ghyvelde.o.f.m..JPG,https://www.wikidata.org/wiki/Q1816380,
Gaspar de Bono,Q83729,9,Valencia,39.47,-0.376388888,http://commons.wikimedia.org/wiki/Special:FilePath/GasparDeBono.jpg,https://www.wikidata.org/wiki/Q83729,Valencia Cathedral (Relics of St. Vincent)
Gaubald,Q320105,9,St. Emmeram's Basilica,49.01537778,12.09268889,,https://www.wikidata.org/wiki/Q320105,
Gerald of Braga,Q2581925,9,Braga Cathedral,41.549952,-8.426976,http://commons.wikimedia.org/wiki/Special:FilePath/Geraldo.JPG,https://www.wikidata.org/wiki/Q2581925,
Giacomo Gaglione,Q3105055,9,Province of Caserta,41.166666666,14.216666666,http://commons.wikimedia.org/wiki/Special:FilePath/Giacomo%20Gaglione.jpg,https://www.wikidata.org/wiki/Q3105055,
Henriette DeLille,Q5716083,9,Saint Louis Cemetery No. 2,29.960556,-90.075556,http://commons.wikimedia.org/wiki/Special:FilePath/Sisters%20of%20the%20Holy%20Family%2C%20New%20Orleans%2C%20La%20LCCN2001705864.jpg,https://www.wikidata.org/wiki/Q5716083,
Jacques Sevin,Q2436518,9,Q110355507,49.1646,2.3535,http://commons.wikimedia.org/wiki/Special:FilePath/P%C3%A8re%20Jacques%20Sevin%20%281929%29.png,https://www.wikidata.org/wiki/Q2436518,
Jan Balicki,Q4076630,9,Cathedral of Przemyśl,49.780961,22.768209,http://commons.wikimedia.org/wiki/Special:FilePath/BlJanBalicki.jpg,https://www.wikidata.org/wiki/Q4076630,
Jan Bula,Q1681666,9,Ďáblice cemetery,50.1364,14.4797,http://commons.wikimedia.org/wiki/Special:FilePath/Jan%20Bula%20%281920%201952%29.jpg,https://www.wikidata.org/wiki/Q1681666,
Jan Tyranowski,Q3161767,9,Rakowicki Cemetery,50.075555555,19.953888888,http://commons.wikimedia.org/wiki/Special:FilePath/JanTyranowski1940.JPG,https://www.wikidata.org/wiki/Q3161767,
John the Good,Q3768504,9,Milan Cathedral,45.463968,9.190578,http://commons.wikimedia.org/wiki/Special:FilePath/San%20Giovanni%20Bono%20%28cropped%29.jpg,https://www.wikidata.org/wiki/Q3768504,
Louis-Zéphirin Moreau,Q2496468,9,"Cathedral of St. Hyacinth, Saint-Hyacinthe",45.62472222,-72.94916667,http://commons.wikimedia.org/wiki/Special:FilePath/Louis-Z%C3%A9phirin%20Moreau.png,https://www.wikidata.org/wiki/Q2496468,
Maria Candida of the Eucharist,Q1402775,9,Sicily,37.6,14.016666666,http://commons.wikimedia.org/wiki/Special:FilePath/MariaCandida.JPG,https://www.wikidata.org/wiki/Q1402775,Catania Cathedral (Relics of St. Agatha)
Maria Maddalena Starace,Q2031053,9,Q3949614,40.692532,14.485397,http://commons.wikimedia.org/wiki/Special:FilePath/Maria%20Maddalena%20Starace.png,https://www.wikidata.org/wiki/Q2031053,
Marie-Élisabeth Turgeon,Q3587924,9,Motherhouse of the Sisters of Our Lady of the Holy Rosary,48.449456,-68.516818,http://commons.wikimedia.org/wiki/Special:FilePath/Elisabeth%20Turgeon.jpg,https://www.wikidata.org/wiki/Q3587924,
María Sagrario de San Luis Gonzaga,Q4141087,9,Convento de Santa Ana y San José,40.444378852,-3.639594263,http://commons.wikimedia.org/wiki/Special:FilePath/Maria-sagrario.jpg,https://www.wikidata.org/wiki/Q4141087,
Maurice Tornay,Q117799,9,"Our Lady of the Sacred Heart Church, Yerkalo",29.04319444,98.6105,http://commons.wikimedia.org/wiki/Special:FilePath/Mauricetornayagaunien.jpg,https://www.wikidata.org/wiki/Q117799,
Mellonius,Q767764,9,Église Saint-Gervais de Rouen,49.4496,1.08265,http://commons.wikimedia.org/wiki/Special:FilePath/Saint%20Mellon.JPG,https://www.wikidata.org/wiki/Q767764,
Mother Eliswa Vakayil,Q16134733,9,Varappuzha,10.111313888,76.257563888,http://commons.wikimedia.org/wiki/Special:FilePath/Mother%20Eliswa.png,https://www.wikidata.org/wiki/Q16134733,
Neot,Q3889334,9,Cambridgeshire,52.35,0.0,http://commons.wikimedia.org/wiki/Special:FilePath/FMIB%2033068%20St%20Neots%20Window.jpeg,https://www.wikidata.org/wiki/Q3889334,
Odulf of Stavoren,Q470859,9,Evesham Abbey,52.0913,-1.9468,http://commons.wikimedia.org/wiki/Special:FilePath/Odulphus.jpg,https://www.wikidata.org/wiki/Q470859,
Peter Friedhofen,Q66706,9,Trier,49.75565,6.63935,http://commons.wikimedia.org/wiki/Special:FilePath/PeterFriedhofen.jpg,https://www.wikidata.org/wiki/Q66706,
Saint Fructus,Q2089305,9,Segovia Cathedral,40.950181,-4.125623,http://commons.wikimedia.org/wiki/Special:FilePath/San%20Frutos%20%28cropped%29.JPG,https://www.wikidata.org/wiki/Q2089305,
Saint Ovidius,Q2666814,9,Braga Cathedral,41.549952,-8.426976,http://commons.wikimedia.org/wiki/Special:FilePath/Santo%20Ovidio.JPG,https://www.wikidata.org/wiki/Q2666814,
Sebastian de Aparicio,Q2486114,9,Puebla,19.003611111,-97.888333333,http://commons.wikimedia.org/wiki/Special:FilePath/La%20visi%C3%B3n%20de%20Sebasti%C3%A1n%20de%20Aparicio%2C%20de%20Mariano%20Salvador%20Maella%20%28Museo%20del%20Prado%29.jpg,https://www.wikidata.org/wiki/Q2486114,
Teresa Janina Kierocinska,Q9357300,9,Sosnowiec,50.3,19.166666666,http://commons.wikimedia.org/wiki/Special:FilePath/Matka%20Teresa%20od%20%C5%9Bw.%20J%C3%B3zefa%20%28Janina%20Kieroci%C5%84ska%29%20portret%2002.jpg,https://www.wikidata.org/wiki/Q9357300,
Tiburcio Arnaiz Muñoz,Q28740754,9,Iglesia del Sagrado Corazón,36.721846174,-4.423320059,http://commons.wikimedia.org/wiki/Special:FilePath/Tiburcio%20Arnaiz.jpg,https://www.wikidata.org/wiki/Q28740754,
Wincenty Kluczyński,Q3918623,9,Vilnius Cathedral,54.685888888,25.287877777,http://commons.wikimedia.org/wiki/Special:FilePath/Kluczynski.jpg,https://www.wikidata.org/wiki/Q3918623,St. Casimir Chapel
Zeno Saltini,Q738773,9,cemetery of Nomadelfia,42.846916666,11.135638888,http://commons.wikimedia.org/wiki/Special:FilePath/Don%20Zeno%201963.jpg,https://www.wikidata.org/wiki/Q738773,
Agnes of Bavaria,Q90224,8,Frauenkirche,48.138578587,11.573615723,http://commons.wikimedia.org/wiki/Special:FilePath/Prinzessin%20Agnes%20von%20Bayern.jpg,https://www.wikidata.org/wiki/Q90224,
Aleksy Zarycki,Q7269834,8,Ruska,47.911666666,25.261666666,,https://www.wikidata.org/wiki/Q7269834,
Alexia González-Barros,Q2834404,8,Church of San Martín,40.421247,-3.704581,,https://www.wikidata.org/wiki/Q2834404,
Angelo Carletti di Chivasso,Q3616927,8,shrine of Our Lady of the Angels,44.36658,7.53716,http://commons.wikimedia.org/wiki/Special:FilePath/Blessed%20angelo%20carletti.png,https://www.wikidata.org/wiki/Q3616927,
Bernat Calbó,Q4894016,8,Vic Cathedral,41.928055555,2.255555555,http://commons.wikimedia.org/wiki/Special:FilePath/Bernardo%20Calb%C3%B3%20%28cropped%29.jpg,https://www.wikidata.org/wiki/Q4894016,
Camilla Krouchelnitskaïa,Q2934816,8,Sandarmokh,62.887958,34.679591,http://commons.wikimedia.org/wiki/Special:FilePath/Krushelnitskaya%20Kamilla%20Nikolaevna.jpg,https://www.wikidata.org/wiki/Q2934816,
Claudio Granzotto,Q11739869,8,Chiampo,45.55,11.283333333,http://commons.wikimedia.org/wiki/Special:FilePath/Fra%27%20Claudio%20Granzotto.jpg,https://www.wikidata.org/wiki/Q11739869,
Columba of Rieti,Q3683397,8,Umbria,42.983333333,12.566666666,http://commons.wikimedia.org/wiki/Special:FilePath/Columba%20of%20Rieti.jpg,https://www.wikidata.org/wiki/Q3683397,
Evermode of Ratzeburg,Q1382089,8,Schleswig-Holstein,54.470038,9.51416,http://commons.wikimedia.org/wiki/Special:FilePath/Evermode.jpg,https://www.wikidata.org/wiki/Q1382089,
Gabriel Ferretti,Q3637220,8,Chiesa di San Giovanni Battista,43.615276,13.508186,http://commons.wikimedia.org/wiki/Special:FilePath/Crivelli%2C%20beato%20gabriele%20ferretti.jpg,https://www.wikidata.org/wiki/Q3637220,
Georg Michael Wittman,Q1505404,8,Regensburg Cathedral,49.019460119,12.098302067,http://commons.wikimedia.org/wiki/Special:FilePath/PleysteinSigismundKirche%2023.JPG,https://www.wikidata.org/wiki/Q1505404,
Heahmund,Q5690147,8,Keynsham,51.4135,-2.4968,,https://www.wikidata.org/wiki/Q5690147,
Hedwig Borzecka,Q5697729,8,Kęty,49.88214,19.22333,http://commons.wikimedia.org/wiki/Special:FilePath/JadwigaBorzecka.JPG,https://www.wikidata.org/wiki/Q5697729,
Hildegrim of Châlons,Q323137,8,Werden Abbey,51.38806,7.00472,http://commons.wikimedia.org/wiki/Special:FilePath/Hildegrim%20als%20Zentralfigur%20in%20der%20Bronze-Gittert%C3%BCr%20der%20Ludgeriden-Krypta.jpg,https://www.wikidata.org/wiki/Q323137,
Janez Frančišek Gnidovec,Q16561918,8,Žale Central Cemetery,46.070781083,14.531855141,http://commons.wikimedia.org/wiki/Special:FilePath/Janez%20Fran%C4%8Di%C5%A1ek%20Gnidovec.jpg,https://www.wikidata.org/wiki/Q16561918,
John of Trogir,Q3768441,8,Trogir Cathedral,43.5171,16.2514,http://commons.wikimedia.org/wiki/Special:FilePath/Bishop%20John%20of%20Trogir.jpg,https://www.wikidata.org/wiki/Q3768441,
Joseph Müller,Q106595,8,Groß Düngen,52.095,10.02277778,http://commons.wikimedia.org/wiki/Special:FilePath/Joseph%20Mueller%20%28Priester%29.jpg,https://www.wikidata.org/wiki/Q106595,
Julian of Cuenca,Q1395103,8,Cuenca Cathedral,40.07849,-2.12901,http://commons.wikimedia.org/wiki/Special:FilePath/Eugenio%20Caj%C3%A9s%20%281575-1634%29%20-%20San%20Juli%C3%A1n%2C%20Bishop%20of%20Cuenca%20-%20PC.98%20-%20Pollok%20House.jpg,https://www.wikidata.org/wiki/Q1395103,
Lambert Ehrlich,Q1930682,8,Žale Central Cemetery,46.070781083,14.531855141,http://commons.wikimedia.org/wiki/Special:FilePath/Lambert%20Ehrlich%20by%201942.jpg,https://www.wikidata.org/wiki/Q1930682,
Mary Frances Schervier,Q72226,8,Q51720023,50.772762,6.084775,http://commons.wikimedia.org/wiki/Special:FilePath/Franziska%20schervier.jpg,https://www.wikidata.org/wiki/Q72226,
Matilde del Sagrado Corazón,Q550069,8,Province of Badajoz,38.667,-6.167,,https://www.wikidata.org/wiki/Q550069,
Modest,Q2401572,8,St. Matthias' Abbey,49.737975,6.631486,,https://www.wikidata.org/wiki/Q2401572,
Monulph,Q2319824,8,Basilica of Saint Servatius,50.848817,5.6872,http://commons.wikimedia.org/wiki/Special:FilePath/Crayer%2CGaspar%20de-16xx-De%20opstanding%20van%20de%20HH.%20Monulphus%20en%20Gondulphus%20uit%20hun%20graven%20BM.jpg,https://www.wikidata.org/wiki/Q2319824,
William Pinchon,Q3120127,8,Saint-Brieuc Cathedral,48.514166666,-2.764166666,http://commons.wikimedia.org/wiki/Special:FilePath/Saint-Brieuc%20%2822%29%20Cath%C3%A9drale%20Tombe%2012.JPG,https://www.wikidata.org/wiki/Q3120127,
Æthelnoth,Q3110969,8,Canterbury Cathedral,51.279811,1.083001,,https://www.wikidata.org/wiki/Q3110969,Canterbury Cathedral (Tomb of St. Anselm)
Abundius the Sacristan,Q4056481,7,St. Peter's Basilica,41.902222222,12.453416666,,https://www.wikidata.org/wiki/Q4056481,St. Peter's Basilica
Amantius of Como,Q3613633,7,Basilica di San Fedele,45.809768,9.084545,,https://www.wikidata.org/wiki/Q3613633,
Andrea Franchi,Q20028188,7,"San Domenico, Pistoia",43.93047778,10.91640278,http://commons.wikimedia.org/wiki/Special:FilePath/Pistoia%2C%20san%20domenico%2C%20interno%2C%20corpo%20incorrotto%20del%20beato%20vescovo%20andrea%20franchi%2C%20m.%201400%2C%20in%20teca%20di%20ulisse%20lippi%20del%201930.jpg,https://www.wikidata.org/wiki/Q20028188,
Antonin Cyril Stojan,Q588744,7,Velehrad,49.105436846,17.394271564,http://commons.wikimedia.org/wiki/Special:FilePath/Anton%C3%ADn%20Cyril%20Stojan%201.jpg,https://www.wikidata.org/wiki/Q588744,
Antonio Provolo,Q3620071,7,Santa Maria del Pianto church,45.438860232,10.982932448,,https://www.wikidata.org/wiki/Q3620071,
Arnoldo Rèche,Q3089384,7,Cimetière du Nord,49.261555555,4.031527777,http://commons.wikimedia.org/wiki/Special:FilePath/Jules-Nicolas%20R%C3%A8che%2000577.JPG,https://www.wikidata.org/wiki/Q3089384,
Ayraldus of Maurienne,Q5661279,7,Saint-Jean-de-Maurienne Cathedral,45.276777777,6.346138888,,https://www.wikidata.org/wiki/Q5661279,
Bronisław Komorowski,Q481432,7,Zaspa Cemetery in Gdańsk,54.3932,18.6162,http://commons.wikimedia.org/wiki/Special:FilePath/Gda%C5%84sk%20%28Wrzeszcz%29-pomnik%20B%20Komorowskiego.jpg,https://www.wikidata.org/wiki/Q481432,
Eata of Hexham,Q93667,7,Hexham Abbey,54.9715,-2.10296,http://commons.wikimedia.org/wiki/Special:FilePath/The%20seven%20canonised%20Saxon%20bishops%20of%20Hexham%20%28part%201%29%2C%20former%20reredos%2C%20Hexham%20Abbey%20-%20geograph.org.uk%20-%20748673.jpg,https://www.wikidata.org/wiki/Q93667,
Euphemia of Racibórz,Q511267,7,Q12029534,50.09083333,18.22055556,http://commons.wikimedia.org/wiki/Special:FilePath/Eufemia%20raciborska.jpg,https://www.wikidata.org/wiki/Q511267,
Gabriel Taborin,Q301626,7,cemetery of Belley,45.756772,5.675241,http://commons.wikimedia.org/wiki/Special:FilePath/Taborin.jpg,https://www.wikidata.org/wiki/Q301626,
Henriette Aymer de Chevalerie,Q1035341,7,Picpus Cemetery,48.844055555,2.400194444,http://commons.wikimedia.org/wiki/Special:FilePath/Portrait%20de%20R.%20M.%20Henriette%20Aymer%20de%20la%20Chevalerie.png,https://www.wikidata.org/wiki/Q1035341,
James Salomoni,Q3762261,7,Santi Giovanni e Paolo,45.439216666,12.342397222,http://commons.wikimedia.org/wiki/Special:FilePath/Blessed%20Giacomo%20Salomoni%20-%20Santi%20Giovanni%20e%20Paolo%20-%20Venice%202016.jpg,https://www.wikidata.org/wiki/Q3762261,
Jan Pietraszko,Q11718679,7,Church of St. Anne,50.0620887,19.9337652,http://commons.wikimedia.org/wiki/Special:FilePath/Jan%20Pietraszko%20c.1946.jpg,https://www.wikidata.org/wiki/Q11718679,
Joan Gilabert Jofré,Q1710121,7,"Monastery of Santa Maria, El Puig",39.588556,-0.303267,http://commons.wikimedia.org/wiki/Special:FilePath/Imatge1.jpg,https://www.wikidata.org/wiki/Q1710121,
John Juvenal Ancina,Q3767380,7,Piedmont,45.25,7.916666666,http://commons.wikimedia.org/wiki/Special:FilePath/Recueil.%20Portraits%20de%20Jean%20Juv%C3%A9nal%20Ancina%20-%20btv1b8530838b.jpg,https://www.wikidata.org/wiki/Q3767380,
Just de Bretenières,Q3190300,7,Cemetery of Bretenière,47.2382,5.1215,http://commons.wikimedia.org/wiki/Special:FilePath/Just%20de%20Breteni%C3%A8res.jpg,https://www.wikidata.org/wiki/Q3190300,
Jutta of Kulmsee,Q273705,7,"Co-Cathedral Basilica of the Most Holy Trinity, Chełmża",53.1864,18.614,http://commons.wikimedia.org/wiki/Special:FilePath/Obraz%20Juta%20von%20Sangerhausen%20na%20stronie%20Gmina%20Che%C5%82m%C5%BCa-gm.jpg,https://www.wikidata.org/wiki/Q273705,
Leon Wetmański,Q4110022,7,Soldau concentration camp,53.251234,20.16386,http://commons.wikimedia.org/wiki/Special:FilePath/Leon%20Wetma%C5%84ski.png,https://www.wikidata.org/wiki/Q4110022,
Nelson Baker,Q6990366,7,New York,43.0,-75.0,http://commons.wikimedia.org/wiki/Special:FilePath/Nelson%20H.%20Baker.png,https://www.wikidata.org/wiki/Q6990366,
Nicholas Pieck,Q3912447,7,South Holland,52.0,4.666666666,http://commons.wikimedia.org/wiki/Special:FilePath/De%20heilige%20Nicolaas%20Pieck%20Nicolaus%20Picus.%20NL-HlmNHA%201477%2053010725.JPG,https://www.wikidata.org/wiki/Q3912447,
Ot of Urgell,Q4894767,7,Santa Maria de Gerri,42.322152777,1.066761111,http://commons.wikimedia.org/wiki/Special:FilePath/Catedral%20d%27Urgell%2C%20Sant%20Ot.JPG,https://www.wikidata.org/wiki/Q4894767,
Paulus,Q3372512,7,Verdun Cathedral,49.159517,5.382336,http://commons.wikimedia.org/wiki/Special:FilePath/Pa%C3%B9la%20Kruco.JPG,https://www.wikidata.org/wiki/Q3372512,
Philibert Vrau,Q2085985,7,Lille Cathedral,50.640211695,3.062794374,http://commons.wikimedia.org/wiki/Special:FilePath/Philibert%20VRAU.jpg,https://www.wikidata.org/wiki/Q2085985,
Pontianus,Q436439,7,Umbria,42.983333333,12.566666666,http://commons.wikimedia.org/wiki/Special:FilePath/Spinello%20Aretino%20008.jpg,https://www.wikidata.org/wiki/Q436439,
Róża Kolumba Białecka,Q9325785,7,Tarnobrzeg,50.583333333,21.683333333,http://commons.wikimedia.org/wiki/Special:FilePath/R%C3%B3%C5%BCa%20Kolumba%20Bia%C5%82ecka.jpg,https://www.wikidata.org/wiki/Q9325785,
Sebastian Valfrè,Q3953799,7,San Filippo Neri,45.06833333,7.68472222,http://commons.wikimedia.org/wiki/Special:FilePath/Bl-sebastian-valfre.jpg,https://www.wikidata.org/wiki/Q3953799,
Sylvius of Toulouse,Q2331648,7,Basilica of St. Sernin,43.608485,1.442126,http://commons.wikimedia.org/wiki/Special:FilePath/31%20-%20Toulouse%20-%20Basilique%20Saint-Sernin%20-%20Statue%20de%20Saint%20Sylve.jpg,https://www.wikidata.org/wiki/Q2331648,
Venantius of Delminium,Q9371947,7,Archbasilica of St. John Lateran,41.885905555,12.506155555,http://commons.wikimedia.org/wiki/Special:FilePath/Roma%2C%20Cappella%20di%20San%20Venanzio%20presso%20il%20Battistero%20Lateranense%2C%20interno.jpg,https://www.wikidata.org/wiki/Q9371947,
Władysław Goral,Q2604923,7,Sachsenhausen concentration camp memorial,52.7667647,13.2634915,http://commons.wikimedia.org/wiki/Special:FilePath/W%C5%82adys%C5%82aw%20Goral.png,https://www.wikidata.org/wiki/Q2604923,
Yved de Rouen,Q2790206,7,Rouen Cathedral,49.4402,1.095,http://commons.wikimedia.org/wiki/Special:FilePath/Evodio%20de%20Ruan%20%28cropped%29.JPG,https://www.wikidata.org/wiki/Q2790206,
Alberto Beretta,Q11684859,6,monumental cemetery of Bergamo,45.6986,9.690286111,http://commons.wikimedia.org/wiki/Special:FilePath/Alberto%20Beretta%20%281942%29.png,https://www.wikidata.org/wiki/Q11684859,
Augurius of Tarragona,Q1925216,6,Early Christian cemetery of Tárraco,41.115752971,1.238518625,http://commons.wikimedia.org/wiki/Special:FilePath/MartirioFructuoso.JPG,https://www.wikidata.org/wiki/Q1925216,
Bardo,Q808024,6,Mainz Cathedral,49.998889,8.273889,http://commons.wikimedia.org/wiki/Special:FilePath/Bardo%20von%20mainz.jpg,https://www.wikidata.org/wiki/Q808024,
Bartolomeo Fanti,Q17993242,6,Mantua Cathedral,45.160707,10.79742,http://commons.wikimedia.org/wiki/Special:FilePath/Bartholomewfanti.jpg,https://www.wikidata.org/wiki/Q17993242,
Benedetto Sinigardi,Q816846,6,"San Francesco, Arezzo",43.46454,11.88086,http://commons.wikimedia.org/wiki/Special:FilePath/Tomb%20of%20Benedetto%20Sinigardi%20in%20San%20Francesco%2C%20Arezzo%2002.JPG,https://www.wikidata.org/wiki/Q816846,
Calétric de Chartres,Q2934608,6,Saint-Piat chapel of the Notre-Dame de Chartres cathedral,48.44828,1.4886,http://commons.wikimedia.org/wiki/Special:FilePath/Chartres%20%2828%29%20Cath%C3%A9drale%20Notre-Dame%20-%20Int%C3%A9rieur%20-%20Baie%20134.jpg,https://www.wikidata.org/wiki/Q2934608,
Carla Ronci,Q6536501,6,Q124942705,44.106586,12.510056,http://commons.wikimedia.org/wiki/Special:FilePath/Carla%20Ronci.jpg,https://www.wikidata.org/wiki/Q6536501,
Dermot O'Hurley,Q5262837,6,"St. Kevin's Church, Camden Row, Dublin",53.3364,-6.26694,,https://www.wikidata.org/wiki/Q5262837,
Diuma,Q363776,6,South East England,51.3,-0.8,,https://www.wikidata.org/wiki/Q363776,
Edward Detkens,Q2107733,6,Powązki Cemetery,52.251944444,20.972777777,http://commons.wikimedia.org/wiki/Special:FilePath/Edward%20Detkens.jpg,https://www.wikidata.org/wiki/Q2107733,
Fanchea,Q16198541,6,Ireland,53.0,-8.0,http://commons.wikimedia.org/wiki/Special:FilePath/Enniskillen%20St.%20Michael%27s%20Church%20East%20Aisle%20Window%2006%20Local%20Saints%20Detail%20Saint%20Fanchea%202012%2009%2017.jpg,https://www.wikidata.org/wiki/Q16198541,
Francesco Maria Greco,Q3750229,6,San Francesco di Paola,39.4894,16.38525,http://commons.wikimedia.org/wiki/Special:FilePath/Francesco%20Maria%20Greco2.jpg,https://www.wikidata.org/wiki/Q3750229,
Henri Caffarel,Q3130776,6,Troussures,49.389166666,1.9725,http://commons.wikimedia.org/wiki/Special:FilePath/Caffarel2.jpg,https://www.wikidata.org/wiki/Q3130776,
Jerzy Ciesielski,Q11724482,6,Church of St. Anne,50.0620887,19.9337652,,https://www.wikidata.org/wiki/Q11724482,
John of La Verna,Q3768471,6,Tuscany,43.45,11.2,http://commons.wikimedia.org/wiki/Special:FilePath/Jacopo%20Ligozzi%20%28artist%29%2C%20Anonymous%20engraver%20possibly%20Domenico%20Falcini%2C%20Lino%20Moroni%20%28author%29%2C%20Chapel%20of%20the%20Blessed%20John%20of%20La%20Verna%20%28Cappella%20del%20beato%20Giovanni%20della%20Verna%29%20%28plate%20S%29%2C%201612%2C%20NGA%20206720.jpg,https://www.wikidata.org/wiki/Q3768471,
Matthew of Albano,Q3298632,6,Pisa,43.716666666,10.4,,https://www.wikidata.org/wiki/Q3298632,
Waltheof of Melrose,Q716958,6,Melrose Abbey,55.599561648,-2.718688692,,https://www.wikidata.org/wiki/Q716958,
Wanda Boniszewska,Q3566008,6,Cemetery in Skolimów,52.0668,21.0979,,https://www.wikidata.org/wiki/Q3566008,
Albert Quadrelli,Q17340578,5,Lodi Cathedral,45.31435833,9.50308889,http://commons.wikimedia.org/wiki/Special:FilePath/Sant%E2%80%99Alberto%20Quadrelli.jpg,https://www.wikidata.org/wiki/Q17340578,
Anton Strle,Q4776021,5,Žale Central Cemetery,46.070781083,14.531855141,,https://www.wikidata.org/wiki/Q4776021,
Baruc,Q2064266,5,Barry,51.4064,-3.2667,,https://www.wikidata.org/wiki/Q2064266,
Bernard of Hildesheim,Q97245,5,St. Godehard,52.145344,9.949919,http://commons.wikimedia.org/wiki/Special:FilePath/Hildesheim%20St%20Godehard%20Grabplatte%20Bischof%20Bernhard%20Detail.jpg,https://www.wikidata.org/wiki/Q97245,
Buenaventura García de Paredes,Q4985482,5,cementerio de Fuencarral,40.507086111,-3.699883333,http://commons.wikimedia.org/wiki/Special:FilePath/Buenaventura%20Garc%C3%ADa%20de%20Paredes%20%2817%20Thomasian%20Martyrs%29.jpg,https://www.wikidata.org/wiki/Q4985482,
Felix Mary Ghebreamlak,Q1403649,5,Casamari Abbey,41.67111111,13.48722222,http://commons.wikimedia.org/wiki/Special:FilePath/Felix%20amlak.jpg,https://www.wikidata.org/wiki/Q1403649,
Fernando Olmedo Reguera,Q26971133,5,Basilica of Jesus de Medinaceli,40.4142772,-3.6958389,http://commons.wikimedia.org/wiki/Special:FilePath/Fernando%20Olmedo%20Reguera.jpg,https://www.wikidata.org/wiki/Q26971133,
José María Hernández Garnica,Q9014418,5,Santa Maria de Montalegre,41.383989,2.16575,http://commons.wikimedia.org/wiki/Special:FilePath/Jos%C3%A9%20Mar%C3%ADa%20Hern%C3%A1ndez%20Garnica.jpg,https://www.wikidata.org/wiki/Q9014418,
Lanfranco Beccari,Q3826850,5,Italy,42.5,12.5,http://commons.wikimedia.org/wiki/Special:FilePath/Interior%20of%20Chiesa%20dei%20Gesuiti%20%28Venice%29%20-%20sacristy%20-%20Lanfranco%20Beccari%20Palma%20il%20Giovane.jpg,https://www.wikidata.org/wiki/Q3826850,
Lino Maupas,Q3833084,5,Villetta Cemetery,44.78987,10.313902,http://commons.wikimedia.org/wiki/Special:FilePath/Padre%20Lino.jpg,https://www.wikidata.org/wiki/Q3833084,
Marian Górecki,Q819870,5,Zaspa Cemetery in Gdańsk,54.3932,18.6162,http://commons.wikimedia.org/wiki/Special:FilePath/Pomnik%20Ks%20Goreckiego.jpg,https://www.wikidata.org/wiki/Q819870,
Marie Vojtěcha Hasmandová,Q12035490,5,Cemetery in Znojmo-Hradiště,48.8612286,16.0301728,http://commons.wikimedia.org/wiki/Special:FilePath/Marie%20Vojt%C4%9Bcha%20Hasmandov%C3%A1.jpg,https://www.wikidata.org/wiki/Q12035490,
Marie-Geneviève Meunier,Q2994822,5,Picpus Cemetery,48.844055555,2.400194444,http://commons.wikimedia.org/wiki/Special:FilePath/Our%20Lady%20of%20Mount%20Carmel%20Church%2C%20Quidenham%2C%20Norfolk%20-%20Windows%20-%20geograph.org.uk%20-%201084822.jpg,https://www.wikidata.org/wiki/Q2994822,
Marie-Madeleine d'Houët,Q6762703,5,Église Saint-Dominique,48.8321,2.33503,,https://www.wikidata.org/wiki/Q6762703,
Martin Stredonius,Q467789,5,Church of the Assumption of the Virgin Mary,49.196808333,16.610438888,http://commons.wikimedia.org/wiki/Special:FilePath/Martin%20Stredonius2.jpg,https://www.wikidata.org/wiki/Q467789,
Munditia,Q437390,5,"St. Peter's Church, Munich",48.136468725,11.576013902,http://commons.wikimedia.org/wiki/Special:FilePath/Corpus%20Sancta%20Munditia.jpg,https://www.wikidata.org/wiki/Q437390,
Narciso de Esténaga y Echevarría,Q1965153,5,Cathedral of Ciudad Real,38.986324,-3.93096,http://commons.wikimedia.org/wiki/Special:FilePath/Estenaga%20%281%29.jpg,https://www.wikidata.org/wiki/Q1965153,
Niña Ruiz Abad,Q120887718,5,Sarrat Church,18.1559,120.645,http://commons.wikimedia.org/wiki/Special:FilePath/Ni%C3%B1a%20Ruiz%20Abad.png,https://www.wikidata.org/wiki/Q120887718,
Oderisio of Montecassino,Q3880850,5,Monte Cassino,41.49,13.813888888,,https://www.wikidata.org/wiki/Q3880850,Monte Cassino Abbey (Tomb of St. Benedict)
Patrocle de Bourges,Q16100476,5,Église Saint-Patrocle de Colombier,46.2738,2.79436,http://commons.wikimedia.org/wiki/Special:FilePath/Heilige%20Patroclus%20van%20N%C3%A9ris%20als%20kluizenaar%20Het%20deugdzame%20leven%20van%20kluizenaars%20%28serietitel%29%20Trophaeum%20vitae%20solitariae%20%28serietitel%29%2C%20RP-P-OB-102.897.jpg,https://www.wikidata.org/wiki/Q16100476,
Protasius von Lausanne,Q1462921,5,Saint-Prex,46.483611111,6.4575,,https://www.wikidata.org/wiki/Q1462921,
Roman Archutowski,Q2788510,5,Powązki Cemetery,52.251944444,20.972777777,http://commons.wikimedia.org/wiki/Special:FilePath/Archutowski.png,https://www.wikidata.org/wiki/Q2788510,
Saint Sithney,Q2065358,5,Q23148,50.3,-4.9,http://commons.wikimedia.org/wiki/Special:FilePath/Guiss%C3%A9ny%20%2829%29%20%C3%89glise%20Saint-Sezny%2005.jpg,https://www.wikidata.org/wiki/Q2065358,
Wermad,Q187711,5,Trier,49.75565,6.63935,,https://www.wikidata.org/wiki/Q187711,
Amaro,Q5671878,4,Burgos,42.340833333,-3.699722222,http://commons.wikimedia.org/wiki/Special:FilePath/Burgos%20-%20Ermita%20de%20San%20Amaro%2011.jpg,https://www.wikidata.org/wiki/Q5671878,
Anne-Marie-Madeleine Thouret,Q1067362,4,Picpus Cemetery,48.844055555,2.400194444,http://commons.wikimedia.org/wiki/Special:FilePath/Our%20Lady%20of%20Mount%20Carmel%20Church%2C%20Quidenham%2C%20Norfolk%20-%20Windows%20-%20geograph.org.uk%20-%201084822.jpg,https://www.wikidata.org/wiki/Q1067362,
Ansverus,Q87664,4,Ratzeburg Cathedral,53.7039,10.775,http://commons.wikimedia.org/wiki/Special:FilePath/St.%20Laurentius%20Ziethen%20Ansverus.jpg,https://www.wikidata.org/wiki/Q87664,
Ante Antić,Q12626970,4,Mirogoj Cemetery,45.835694444,15.984444444,,https://www.wikidata.org/wiki/Q12626970,
Antonio Alcalde y Barriga,Q5697707,4,Santuario de Nuestra Señora de Guadalupe,20.68444444,-103.3480556,http://commons.wikimedia.org/wiki/Special:FilePath/Fray%20Antonio%20Alcalde.jpg,https://www.wikidata.org/wiki/Q5697707,
Antonio de Jesús y María,Q56545230,4,Alcázar de San Juan,39.3901005,-3.2102351,http://commons.wikimedia.org/wiki/Special:FilePath/Beato%20Antonio%20osst.jpg,https://www.wikidata.org/wiki/Q56545230,
Beornstan of Winchester,Q4087060,4,Old Minster,51.061,-1.314,,https://www.wikidata.org/wiki/Q4087060,
Eustaquio Nieto Martín,Q5391632,4,Sigüenza Cathedral,41.068411,-2.641267,http://commons.wikimedia.org/wiki/Special:FilePath/Eustaquio%20Nieto%20y%20Mart%C3%ADn%2C%20de%20Kaulak.jpg,https://www.wikidata.org/wiki/Q5391632,
Felix of Rhuys,Q4482458,4,Royal abbey of Saint-Gildas Saint-Gildas-de-Rhuys,47.5,-2.839722222,,https://www.wikidata.org/wiki/Q4482458,
Fidel Fuidio,Q5861578,4,Valley of Cuelgamuros,40.641422222,-4.156941666,http://commons.wikimedia.org/wiki/Special:FilePath/1928-05-26%2C%20La%20Esfera%2C%20Fidel%20Fuidio%20%28cropped%29.jpg,https://www.wikidata.org/wiki/Q5861578,
Filip Terčelj,Q12788880,4,Davča,46.179767,14.035664,http://commons.wikimedia.org/wiki/Special:FilePath/Filip%20Ter%C4%8Delj%201920s.jpg,https://www.wikidata.org/wiki/Q12788880,
Francis of Saint Lawrence,Q56489477,4,Alcázar de San Juan,39.3901005,-3.2102351,http://commons.wikimedia.org/wiki/Special:FilePath/Beato%20Francisco%20osst.jpg,https://www.wikidata.org/wiki/Q56489477,
Maurus Xaverius Herbst,Q1911701,4,Plankstetten Abbey,49.069077026,11.454051032,http://commons.wikimedia.org/wiki/Special:FilePath/Gem%C3%A4lde%20-%20Abt%20Maurus%20Xaverius%20Herbst.jpg,https://www.wikidata.org/wiki/Q1911701,
Oton of Pula,Q16114076,4,Franciscan Monastery in Pula,44.866,13.8496,,https://www.wikidata.org/wiki/Q16114076,
San Davino Armeno,Q116672067,4,San Michele in Foro,43.843056,10.502778,,https://www.wikidata.org/wiki/Q116672067,
Ursus of Toul,Q3358465,4,Église Saint-Mansuy de Fontenoy-le-Château,47.9736,6.19904,,https://www.wikidata.org/wiki/Q3358465,
Valerian of Rome,Q3554331,4,Santa Cecilia in Trastevere,41.887555555,12.475891666,http://commons.wikimedia.org/wiki/Special:FilePath/Jagdschlo%C3%9F%20Grunewald-43.jpg,https://www.wikidata.org/wiki/Q3554331,Basilica of Santa Cecilia in Trastevere
Václav Drbola,Q11985446,4,Starovičky,48.907491311,16.775369904,http://commons.wikimedia.org/wiki/Special:FilePath/Vaclav%20Drbola%201912%201951.png,https://www.wikidata.org/wiki/Q11985446,
Víctor Chumillas,Q6165430,4,Monasterio de San Juan de los Reyes,39.85769444,-4.03158333,http://commons.wikimedia.org/wiki/Special:FilePath/Victor%20Chumillas%20Foto%20y%20Carboncillo%20low.jpg,https://www.wikidata.org/wiki/Q6165430,
Zama,Q4023755,4,Bologna Cathedral,44.495655,11.34292,,https://www.wikidata.org/wiki/Q4023755,
Zygmunt Sajna,Q4405246,4,Palmiry Cemetery,52.333883,20.744712,,https://www.wikidata.org/wiki/Q4405246,
Aleksa Benigar,Q12626716,3,Mirogoj Cemetery,45.835694444,15.984444444,,https://www.wikidata.org/wiki/Q12626716,
Emebert,Q2485199,3,Maubeuge Abbey,50.277222,3.977222,,https://www.wikidata.org/wiki/Q2485199,
Enriqueta Rodon Asencio,Q11696960,3,"Our Lady of Good Counsel school, Pozuelo",40.450636885,-3.803661386,http://commons.wikimedia.org/wiki/Special:FilePath/RodonTeresa.jpg,https://www.wikidata.org/wiki/Q11696960,
Féchín of Fore,Q4483352,3,Castlekeeran Church ruin,53.740885,-6.95409,http://commons.wikimedia.org/wiki/Special:FilePath/Saint%20Feichin%20Fore.JPG,https://www.wikidata.org/wiki/Q4483352,
Gilles von Saumur,Q1524535,3,Église Notre-Dame-de-Nantilly,47.2532,-0.07631,,https://www.wikidata.org/wiki/Q1524535,
Joaquim Alves Brás,Q25431482,3,Prazeres Cemetery,38.714016,-9.169985,http://commons.wikimedia.org/wiki/Special:FilePath/Padre%20Br%C3%A1s.jpg,https://www.wikidata.org/wiki/Q25431482,
Josep Maria Gran Cirera,Q83880810,3,Chajul,15.487222222,-91.034722222,,https://www.wikidata.org/wiki/Q83880810,
Laureana Franco,Q104897297,3,Taguig Church,14.52705,121.07399,,https://www.wikidata.org/wiki/Q104897297,
Lojze Kozar,Q18627595,3,Odranci,46.583333333,16.283333333,,https://www.wikidata.org/wiki/Q18627595,
Maurelio di Imola,Q3852409,3,Imola cathedral,44.353625,11.71077,http://commons.wikimedia.org/wiki/Special:FilePath/Maurelio%20di%20Imola.jpg,https://www.wikidata.org/wiki/Q3852409,
Peregrina of Rome,Q138711761,3,Catacomb of Priscilla,41.9297,12.5087,http://commons.wikimedia.org/wiki/Special:FilePath/Saint%20Peregrina%20between%20Saints%20Peter%20and%20Paul.jpg,https://www.wikidata.org/wiki/Q138711761,
Saint Cristanziano,Q30879241,3,Ascoli Piceno Cathedral,42.8535,13.5783,http://commons.wikimedia.org/wiki/Special:FilePath/San%20Cristanziano.jpg,https://www.wikidata.org/wiki/Q30879241,
Sor María de San Antonio Lorenzo y Fuentes,Q28937167,3,Puerto de la Cruz,28.416667,-16.55,,https://www.wikidata.org/wiki/Q28937167,
Symforian Ducki,Q4171372,3,Cmentarz Bródnowski,52.27888889,21.03611111,http://commons.wikimedia.org/wiki/Special:FilePath/Symforian%20Ducki.jpg,https://www.wikidata.org/wiki/Q4171372,
