slug,title,wd_label,confidence,qid,burial,lat,lon,order,patronage_wd,image_url,commons,feast_raw,source_url,image_license
blessed-francis-xavier-seelos,Blessed Francis Xavier Seelos,Francis Xavier Seelos,label,Q75940,Saint Mary's Assumption Church,29.93075,-90.074774,Congregation of the Most Holy Redeemer,,http://commons.wikimedia.org/wiki/Special:FilePath/Blessed%20Francis%20Xavier%20Seelos.jpg,Francis Xavier Seelos,http://www.wikidata.org/entity/Q2929,https://www.wikidata.org/wiki/Q75940,public domain
blessed-virgin-mary,Blessed Virgin Mary,Mary,label,Q345,Tomb of the Virgin Mary,31.780131,35.239409,,,http://commons.wikimedia.org/wiki/Special:FilePath/Duccio%20The-Madonna-and-Child-128.jpg,Virgin Mary,http://www.wikidata.org/entity/Q2774,https://www.wikidata.org/wiki/Q345,public domain
st-achilleus,St. Achilleus,Achilleus,"AMBIGUOUS 5: Q579495,Q579522,Q3948626,Q124771444",Q579495,,,,,,,,,https://www.wikidata.org/wiki/Q579495,
st-adalbert,St. Adalbert,Adalbert,label,Q77394,Magdeburg,52.1315889,11.6399609,Benedictines,,http://commons.wikimedia.org/wiki/Special:FilePath/Adalbert%20of%20Magdeburg.jpg,Adalbert von Magdeburg,http://www.wikidata.org/entity/Q2666,https://www.wikidata.org/wiki/Q77394,public domain
st-agatha,St. Agatha,Agatha of Sicily,label,Q200895,Catania Cathedral,37.50246,15.08821,,,http://commons.wikimedia.org/wiki/Special:FilePath/Agatha%20orthodox%20icon.jpg,Agatha of Sicily,http://www.wikidata.org/entity/Q2343,https://www.wikidata.org/wiki/Q200895,public domain
st-agnes,St. Agnes,Agnes of Rome,label,Q210096,Sant'Agnese fuori le mura,41.922917,12.518878,,,http://commons.wikimedia.org/wiki/Special:FilePath/Santa%20Agnese%20-%20mosaico%20Santa%20Agnese%20fuori%20le%20mura.jpg,Saint Agnes of Rome,http://www.wikidata.org/entity/Q2273,https://www.wikidata.org/wiki/Q210096,needs review: CC BY-SA 2.0
st-albert-the-great,St. Albert the Great,Albertus Magnus,label,Q60059,St. Andreas Church,50.941869,6.954911,Dominican Order,,http://commons.wikimedia.org/wiki/Special:FilePath/Tommaso%20da%20modena%2C%20ritratti%20di%20domenicani%20%28vescovo%29%201352%20150cm%2C%20treviso%2C%20ex%20convento%20di%20san%20niccol%C3%B2%2C%20sala%20del%20capitolo.jpg,Albertus Magnus,http://www.wikidata.org/entity/Q2982,https://www.wikidata.org/wiki/Q60059,public domain
st-aloysius-gonzaga,St. Aloysius Gonzaga,Aloysius Gonzaga,label,Q310307,Altar of Saint Aloysius Gonzaga,,,Society of Jesus,,http://commons.wikimedia.org/wiki/Special:FilePath/Collection%20Motais%20de%20Narbonne%20-%20Saint%20Louis%20de%20Gonzague%20adorant%20le%20crucifix%20-%20Mazzanti.jpg,Aloisio Gonzaga,http://www.wikidata.org/entity/Q2671,https://www.wikidata.org/wiki/Q310307,public domain
st-alphonsus-liguori,St. Alphonsus Liguori,Alphonsus Maria de Liguori,label,Q273334,Salerno,40.680555555,14.759444444,Congregation of the Most Holy Redeemer,,http://commons.wikimedia.org/wiki/Special:FilePath/Liguori.jpg,Alphonsus Liguori,http://www.wikidata.org/entity/Q2788,https://www.wikidata.org/wiki/Q273334,needs review: CC BY-SA 3.0
st-ambrose,St. Ambrose,Ambrose,label,Q43689,Basilica of Sant'Ambrogio,45.4625,9.175833333,,beekeeper,http://commons.wikimedia.org/wiki/Special:FilePath/AmbroseOfMilan.jpg,Saint Ambrose,http://www.wikidata.org/entity/Q2455,https://www.wikidata.org/wiki/Q43689,public domain
st-andre-bessette,St. André Bessette,André Bessette,label,Q517066,Quebec,52.0,-72.0,Congregation of the Holy Cross,,http://commons.wikimedia.org/wiki/Special:FilePath/Fr%C3%A8re%20Andr%C3%A9%201920.jpg,André Bessette,http://www.wikidata.org/entity/Q2221,https://www.wikidata.org/wiki/Q517066,public domain
st-andrew,St. Andrew,Andrew the Apostle,label,Q43399,Church of the Holy Apostles,41.019722222,28.949722222,,Greece; Imperial Russian Navy; Romania; Russia; Russian Navy; Scotland; fishery; sea shipping,http://commons.wikimedia.org/wiki/Special:FilePath/Martirio%20de%20San%20Andr%C3%A9s%2C%20por%20Juan%20Correa%20de%20Vivar.jpg,Saint Andrew,http://www.wikidata.org/entity/Q3015,https://www.wikidata.org/wiki/Q43399,public domain
st-andrew-dung-lac-and-his-companions,St. Andrew Dung-Lac and his companions,Andrew Dung-Lac,label,Q496924,,,,,,http://commons.wikimedia.org/wiki/Special:FilePath/Saint%20Paul%20Catholic%20Church%20%28Westerville%2C%20Ohio%29%20-%20Saint%20Andrew%20Dung%20Lac.jpg,Andrew Dũng-Lạc,http://www.wikidata.org/entity/Q3022,https://www.wikidata.org/wiki/Q496924,needs review: CC BY-SA 3.0
st-angela-merici,St. Angela Merici,Angela Merici,label,Q236216,Sant'Angela Merici,45.534446,10.225104,Third Order of Saint Francis; Ursulines,,http://commons.wikimedia.org/wiki/Special:FilePath/Saint%20Angela%20Merici.jpg,Angela Merici,http://www.wikidata.org/entity/Q2284,https://www.wikidata.org/wiki/Q236216,public domain
st-anne-and-joachim,St. Anne (and Joachim),Saint Anne,label,Q164294,Tomb of the Virgin Mary,31.780131,35.239409,,,http://commons.wikimedia.org/wiki/Special:FilePath/Chanter%20Angelos%20Akotandos%20-%20St%20Anne%20with%20the%20Virgin%20-%20Google%20Art%20Project.jpg,Saint Anne,http://www.wikidata.org/entity/Q2856,https://www.wikidata.org/wiki/Q164294,public domain
st-anselm,St. Anselm,Anselm of Canterbury,label,Q43939,Canterbury Cathedral,51.279811,1.083001,Benedictines,,http://commons.wikimedia.org/wiki/Special:FilePath/Anselm-CanterburyVit.jpg,Anselm of Canterbury,http://www.wikidata.org/entity/Q2525,https://www.wikidata.org/wiki/Q43939,public domain
st-ansgar,St. Ansgar,Ansgar,label,Q110299,,,,Benedictines,,http://commons.wikimedia.org/wiki/Special:FilePath/Peiffer%20-%20St.%20Ansgar%20-%20Trostbr%C3%BCcke%20Hamburg%20cropped.jpg,Saint Ansgar,http://www.wikidata.org/entity/Q2315,https://www.wikidata.org/wiki/Q110299,needs review: CC BY-SA 3.0
st-anthony,St. Anthony,Anthony,"AMBIGUOUS 3: Q4067221,Q4067256,Q4067269",Q4067221,Ilyinskoye Cemetery,64.53,40.585,,,http://commons.wikimedia.org/wiki/Special:FilePath/%D0%A1%D0%B2%D1%8F%D1%89%D0%B5%D0%BD%D0%BD%D0%BE%D0%BC%D1%83%D1%87%D0%B5%D0%BD%D0%B8%D0%BA%20%D0%90%D0%BD%D1%82%D0%BE%D0%BD%D0%B8%D0%B9%20%28%D0%91%D1%8B%D1%81%D1%82%D1%80%D0%BE%D0%B2%29.jpg,Anthony (Bystrov),,https://www.wikidata.org/wiki/Q4067221,public domain
st-anthony-mary-claret,St. Anthony Mary Claret,Anthony Mary Claret,label,Q162973,Sant Antoni Maria Claret de Vic,41.927546,2.253599,Missionary Sons of the Immaculate Heart of Mary,,http://commons.wikimedia.org/wiki/Special:FilePath/Antonio%20Mar%C3%ADa%20Claret%2C%20c.1860.jpg,Antoni Maria Claret,http://www.wikidata.org/entity/Q2955,https://www.wikidata.org/wiki/Q162973,public domain
st-anthony-of-padua,St. Anthony of Padua,Anthony of Padua,label,Q167477,Basilica of Saint Anthony of Padua,45.40137,11.88053,Franciscans,celiac disease,http://commons.wikimedia.org/wiki/Special:FilePath/%28Venice%29%20Sant%27Antonio%20da%20Padova%20by%20Alvise%20Vivarini%20-%20Correr%20Museum.jpg,Saint Anthony of Padua,http://www.wikidata.org/entity/Q2614,https://www.wikidata.org/wiki/Q167477,public domain
st-anthony-zaccaria,St. Anthony Zaccaria,Anthony Maria Zaccaria,label,Q380099,,,,Barnabites,,http://commons.wikimedia.org/wiki/Special:FilePath/San%20Antonio%20Maria%20Zaccaria.jpg,Anthony Mary Zaccaria,http://www.wikidata.org/entity/Q2696,https://www.wikidata.org/wiki/Q380099,needs review: CC BY-SA 3.0
st-apollinaris,St. Apollinaris,Apollinaris of Ravenna,label,Q320199,,,,,,http://commons.wikimedia.org/wiki/Special:FilePath/Saint%20Apollenaris.jpg,Saint Apollinaris,http://www.wikidata.org/entity/Q2728,https://www.wikidata.org/wiki/Q320199,public domain
st-athanasius,St. Athanasius,Athanasius of Alexandria,"AMBIGUOUS 2: Q44024,Q4072543",Q44024,,,,,,http://commons.wikimedia.org/wiki/Special:FilePath/Ikone%20Athanasius%20von%20Alexandria.jpg,Athanasius of Alexandria,http://www.wikidata.org/entity/Q2562,https://www.wikidata.org/wiki/Q44024,public domain
st-augustine-of-canterbury,St. Augustine of Canterbury,Augustine of Canterbury,label,Q32520,St Augustine's Abbey,51.278127777,1.088205555,Benedictines,,http://commons.wikimedia.org/wiki/Special:FilePath/Augustinus%20von%20Canterbury.jpg,Saint Augustine of Canterbury,http://www.wikidata.org/entity/Q2588,https://www.wikidata.org/wiki/Q32520,public domain
st-augustine-of-hippo,St. Augustine of Hippo,Augustine of Hippo,label,Q8018,San Pietro in Ciel d'Oro,45.191277777,9.154944444,,,http://commons.wikimedia.org/wiki/Special:FilePath/Saint%20Augustine%20by%20Philippe%20de%20Champaigne.jpg,Augustinus,http://www.wikidata.org/entity/Q2817,https://www.wikidata.org/wiki/Q8018,public domain
st-barnabas,St. Barnabas,Barnabas,label,Q185856,Cyprus,35.0,33.0,,,http://commons.wikimedia.org/wiki/Special:FilePath/San%20Barnaba.jpg,Saint Barnabas,http://www.wikidata.org/entity/Q2617,https://www.wikidata.org/wiki/Q185856,public domain
st-bartholomew,St. Bartholomew,Bartholomew the Apostle,label,Q43982,,,,,Aeolian Islands; Anghiari; Armenia; Arsoli; Avezzano; Capezzano; Carpineto della Nora; Contrada Sovrana dell'Istrice; Frankfurt; Roman Catholic Archdiocese of Benevento; Roman Catholic Archdiocese of Campobasso–Boiano; Roman Catholic Archdiocese of Messina-Lipari-Santa Lucia del Mela; Roman Catholic Diocese of Patti; butcher; cobbler; tailor,http://commons.wikimedia.org/wiki/Special:FilePath/Matteo%20di%20Giovanni%20003.jpg,Saint Bartholomew,http://www.wikidata.org/entity/Q115801525,https://www.wikidata.org/wiki/Q43982,public domain
st-basil-the-great,St. Basil the Great,Basil of Caesarea,label,Q44258,,,,,,http://commons.wikimedia.org/wiki/Special:FilePath/Basil%20of%20Caesarea.jpg,Basil of Caesarea,http://www.wikidata.org/entity/Q2612,https://www.wikidata.org/wiki/Q44258,public domain
st-benedict,St. Benedict,Benedict,label,Q1153993,,,,,,http://commons.wikimedia.org/wiki/Special:FilePath/Benedict%20bishop%20of%20Milan.JPG,,http://www.wikidata.org/entity/Q2398,https://www.wikidata.org/wiki/Q1153993,needs review: CC BY-SA 3.0
st-bernard,St. Bernard,Émile Bernard,"AMBIGUOUS 42: Q264193,Q318339,Q826272,Q2897419",Q264193,Cimetière parisien de Pantin - Division 43,48.904164,2.4062,,,http://commons.wikimedia.org/wiki/Special:FilePath/Henri%20de%20Toulouse-Lautrec%20-%20Portrait%20de%20%C3%89mile%20Bernard.jpg,Émile Bernard,,https://www.wikidata.org/wiki/Q264193,public domain
st-blase,St. Blase,Blase,"AMBIGUOUS 2: Q112023212,Q116919599",Q112023212,,,,,,,,,https://www.wikidata.org/wiki/Q112023212,
st-bonaventure,St. Bonaventure,Bonaventure,label,Q43746,,,,Order of Friars Minor,Cochiti Pueblo,http://commons.wikimedia.org/wiki/Special:FilePath/Fran%C3%A7ois%2C%20Claude%20%28dit%20Fr%C3%A8re%20Luc%29%20-%20Saint%20Bonaventure.jpg,Bonaventura,http://www.wikidata.org/entity/Q2686,https://www.wikidata.org/wiki/Q43746,public domain
st-boniface,St. Boniface,Boniface I,label,Q160907,,,,,,http://commons.wikimedia.org/wiki/Special:FilePath/Bonifacius%20I.jpg,Bonifacius I,http://www.wikidata.org/entity/Q2855,https://www.wikidata.org/wiki/Q160907,public domain
st-bridget-of-sweden,St. Bridget of Sweden,Bridget of Sweden,label,Q204996,Vadstena Abbey,58.450555555,14.891388888,Bridgettines,Europe; Sweden; widow,http://commons.wikimedia.org/wiki/Special:FilePath/Heliga%20Birgitta%20p%C3%A5%20ett%20altarsk%C3%A5p%20i%20Salems%20kyrka.jpg,Birgitta of Sweden,http://www.wikidata.org/entity/Q2722,https://www.wikidata.org/wiki/Q204996,public domain
st-bruno,St. Bruno,Bruno,"AMBIGUOUS 2: Q563247,Q994018",Q563247,Wurzburg Cathedral,49.793378,9.932397,,,,Bruno (bishop of Würzburg),http://www.wikidata.org/entity/Q2587,https://www.wikidata.org/wiki/Q563247,
st-cajetan,St. Cajetan,Anton Elfinger,"AMBIGUOUS 2: Q89347,Q97065335",Q89347,,,,,,,Anton Elfinger,,https://www.wikidata.org/wiki/Q89347,
st-callistus,St. Callistus,Callistus,"AMBIGUOUS 4: Q106613412,Q805281,Q1491470,Q116233937",Q106613412,,,,,,,,,https://www.wikidata.org/wiki/Q106613412,
st-casimir,St. Casimir,Casimir III the Great,"AMBIGUOUS 2: Q53457,Q3219104",Q53457,Sepulchral monument of Casimir III the Great,50.054628,19.935706,,,http://commons.wikimedia.org/wiki/Special:FilePath/Kazimierz%20III%20sarcophagus%20figure.jpg,Casimir III of Poland,,https://www.wikidata.org/wiki/Q53457,public domain
st-catherine-of-alexandria,St. Catherine of Alexandria,Catherine of Alexandria,label,Q179718,,,,,Dnipro,http://commons.wikimedia.org/wiki/Special:FilePath/Luini.%20Katerina.jpg,Catherine of Alexandria,http://www.wikidata.org/entity/Q3020,https://www.wikidata.org/wiki/Q179718,public domain
st-catherine-of-siena,St. Catherine of Siena,Catherine of Siena,label,Q229190,Basilica of San Domenico,43.319861111,11.326694444,Third Order of Saint Dominic,Contrada del Drago; Europe; Italy; Nobile Contrada dell'Oca,http://commons.wikimedia.org/wiki/Special:FilePath/Santa%20Catalina%20de%20Siena%2C%20Pedro%20de%20Villegas%20Marmolejo.jpg,Catherine of Siena,http://www.wikidata.org/entity/Q2535,https://www.wikidata.org/wiki/Q229190,needs review: CC BY-SA 4.0
st-cecilia,St. Cecilia,Saint Cecilia,"AMBIGUOUS 2: Q80513,Q23894516",Q80513,Santa Cecilia in Trastevere,41.887555555,12.475891666,,musician,http://commons.wikimedia.org/wiki/Special:FilePath/Giambattista%20Tiepolo%20-%20Saint%20Cecilia%20-%20Google%20Art%20Project.jpg,Saint Cecilia,http://www.wikidata.org/entity/Q3025,https://www.wikidata.org/wiki/Q80513,public domain
st-charles-borromeo,St. Charles Borromeo,Charles Borromeo,label,Q216946,Milan Cathedral,45.463968,9.190578,,Italy; Lombardy; Sisters of Mercy of St. Borromeo,http://commons.wikimedia.org/wiki/Special:FilePath/Carlo%20Borromeo.jpg,Charles Borromeo,http://www.wikidata.org/entity/Q2994,https://www.wikidata.org/wiki/Q216946,public domain
st-charles-lwanga-and-companions,St. Charles Lwanga and Companions,Lwanga Charles,label-nostatus,Q135907525,,,,,,,,,https://www.wikidata.org/wiki/Q135907525,
st-clare,St. Clare,Clara Peeters,"AMBIGUOUS 4: Q265398,Q4678233,Q55497756,Q107315870",Q265398,,,,,,http://commons.wikimedia.org/wiki/Special:FilePath/Clara%20Peeters%20-%20Presumed%20self-portrait%20with%20a%20vanitas%20still%20life%20and%20flowers%20in%20a%20glass%20vase.jpg,Clara Peeters,,https://www.wikidata.org/wiki/Q265398,public domain
st-clement-of-rome,St. Clement of Rome,Clement,label,Q42887,Basilica of San Clemente,41.88929503,12.49756288,,,http://commons.wikimedia.org/wiki/Special:FilePath/Clemens%20Romanus.jpg,Clemens I,http://www.wikidata.org/entity/Q3021,https://www.wikidata.org/wiki/Q42887,public domain
st-columba,St. Columba,Columba,label,Q236326,Iona,56.33,-6.41,,,http://commons.wikimedia.org/wiki/Special:FilePath/Stained%20Glass%20Window%20in%20St%20Margaret%27s%20Chapel.jpg,Saint Columba,http://www.wikidata.org/entity/Q2618,https://www.wikidata.org/wiki/Q236326,needs review: CC BY-SA 3.0
st-cornelius,St. Cornelius,Cornelius the Centurion,"AMBIGUOUS 2: Q435987,Q54798",Q435987,,,,,,http://commons.wikimedia.org/wiki/Special:FilePath/Baptism%20of%20cornelius.jpg,Cornelius the centurion,http://www.wikidata.org/entity/Q2313,https://www.wikidata.org/wiki/Q435987,public domain
st-cyprian,St. Cyprian,Cyprian,label,Q190240,,,,,,http://commons.wikimedia.org/wiki/Special:FilePath/Heiliger%20Cyprianus.jpg,Saint Cyprian,http://www.wikidata.org/entity/Q2897,https://www.wikidata.org/wiki/Q190240,public domain
st-cyril-and-methodius,St. Cyril (and Methodius),Saint Cyril the Philosopher,label,Q351026,Basilica of San Clemente,41.88929503,12.49756288,,,http://commons.wikimedia.org/wiki/Special:FilePath/Icon%20of%20Saint%20Cyril%2C%20The%20Holy%20Mount%20of%20Grabarka.jpg,Saint Cyril,http://www.wikidata.org/entity/Q2332,https://www.wikidata.org/wiki/Q351026,needs review: CC BY 3.0
st-cyril-of-alexandria,St. Cyril of Alexandria,Cyril of Alexandria,label,Q44079,,,,,,http://commons.wikimedia.org/wiki/Special:FilePath/Cyril%20of%20Alexandria%20at%20Catedral%20Ortodoxa%20San%20Jorge.jpg,Cyril of Alexandria,http://www.wikidata.org/entity/Q2664,https://www.wikidata.org/wiki/Q44079,needs review: CC BY 2.0
st-cyril-of-jerusalem,St. Cyril of Jerusalem,Cyril of Jerusalem,label,Q298654,,,,,,http://commons.wikimedia.org/wiki/Special:FilePath/Saint%20Cyril%20of%20Jerusalem.jpg,Cyril of Jerusalem,http://www.wikidata.org/entity/Q2422,https://www.wikidata.org/wiki/Q298654,public domain
st-damasus,St. Damasus,Damasus I,label,Q130997,,,,,,http://commons.wikimedia.org/wiki/Special:FilePath/Pope%20Damasus.jpg,Damasus I,http://www.wikidata.org/entity/Q2363,https://www.wikidata.org/wiki/Q130997,public domain
st-damian,St. Damian,Dyfan,"AMBIGUOUS 2: Q3405091,Q4154407",Q3405091,,,,,,,,http://www.wikidata.org/entity/Q2561,https://www.wikidata.org/wiki/Q3405091,
st-denis-and-companions,St. Denis and Companions,Denis I of Portugal,"AMBIGUOUS 23: Q212890,Q440369,Q773657,Q3484255",Q212890,Monastery of São Dinis de Odivelas,38.79129,-9.182821,,,http://commons.wikimedia.org/wiki/Special:FilePath/Dinis-P.jpg,Denis I of Portugal,,https://www.wikidata.org/wiki/Q212890,public domain
st-dominic,St. Dominic,Dominic,"AMBIGUOUS 3: Q120920415,Q1237661,Q3034869",Q120920415,,,,,,,,,https://www.wikidata.org/wiki/Q120920415,
st-elizabeth-of-hungary,St. Elizabeth of Hungary,Elizabeth of Töss,"AMBIGUOUS 3: Q456526,Q687018,Q159862",Q456526,Töss Convent,47.4877,8.70321,Dominican Order,,http://commons.wikimedia.org/wiki/Special:FilePath/Ugolino%20di%20nerio%2C%20scomparti%20di%20polittico%20da%20santa%20croce%20a%20firenze%2C%201325-35%20ca.%2001.JPG,,,https://www.wikidata.org/wiki/Q456526,needs review: CC BY 3.0
st-ephrem,St. Ephrem,Ephrem,"AMBIGUOUS 6: Q4177448,Q4177452,Q12757066,Q18242004",Q4177448,,,,,,http://commons.wikimedia.org/wiki/Special:FilePath/%D0%90%D1%80%D1%85%D0%B8%D0%BC%D0%B0%D0%BD%D0%B4%D1%80%D0%B8%D1%82%20%D0%95%D1%84%D1%80%D0%B5%D0%BC.jpg,Ephrem (Barbinyagra),,https://www.wikidata.org/wiki/Q4177448,needs review: CC BY-SA 3.0
st-eusebius-of-vercelli,St. Eusebius of Vercelli,Eusebius of Vercelli,label,Q181489,,,,,,http://commons.wikimedia.org/wiki/Special:FilePath/Eusebius%20von%20Vercelli.jpg,Eusebius of Vercelli,http://www.wikidata.org/entity/Q2897,https://www.wikidata.org/wiki/Q181489,public domain
st-fabian,St. Fabian,Fabian,label,Q131159,St. Peter's Basilica,41.902222222,12.453416666,,,http://commons.wikimedia.org/wiki/Special:FilePath/Saint%20Fabian1.jpg,Fabianus,http://www.wikidata.org/entity/Q2267,https://www.wikidata.org/wiki/Q131159,public domain
st-faustina,St. Faustina,Fausta of Cyzicus,label,Q3740310,,,,,,http://commons.wikimedia.org/wiki/Special:FilePath/Fausta%2C%20and%20with%20her%20Evilasius%20and%20Maximus%2C%20at%20Cyzicus%20%28Menologion%20of%20Basil%20II%29.jpeg,,http://www.wikidata.org/entity/Q2615,https://www.wikidata.org/wiki/Q3740310,public domain
st-fidelis,St. Fidelis,Fidelis of Como,label,Q603655,,,,,,,Saint Fidelis,http://www.wikidata.org/entity/Q2952,https://www.wikidata.org/wiki/Q603655,
st-frances-of-rome,St. Frances of Rome,Frances of Rome,label,Q239129,Santa Francesca Romana,41.89122807,12.488542029,Benedictines,,http://commons.wikimedia.org/wiki/Special:FilePath/Giovanni%20Antonio%20Galli%20-%20Santa%20Francesca%20Romana%20con%20l%E2%80%99angelo.jpg,Saint Frances of Rome,http://www.wikidata.org/entity/Q2401,https://www.wikidata.org/wiki/Q239129,public domain
st-francis-of-assisi,St. Francis of Assisi,Francis of Assisi,label,Q676555,Basilica of San Francesco d'Assisi,43.07484,12.60581,Franciscans,First Franciscan Order; Italy; San Francisco; Third Order of Saint Francis; animal; environment; merchant,http://commons.wikimedia.org/wiki/Special:FilePath/StFrancis%20part.jpg,Francis of Assisi,http://www.wikidata.org/entity/Q2929,https://www.wikidata.org/wiki/Q676555,public domain
st-francis-xavier,St. Francis Xavier,Francis Xavier,label,Q163900,Basilica of Bom Jesus,15.50086809,73.91159057,Society of Jesus,,http://commons.wikimedia.org/wiki/Special:FilePath/Franciscus%20de%20Xabier.jpg,Francis Xavier,http://www.wikidata.org/entity/Q2298,https://www.wikidata.org/wiki/Q163900,public domain
st-gabriel,St. Gabriel,Mstislav I of Kiev,"AMBIGUOUS 41: Q41514,Q352451,Q671389,Q984395",Q41514,Kyiv,50.45,30.523611111,,,http://commons.wikimedia.org/wiki/Special:FilePath/Mstislav%20I%20of%20Rus.jpg,"Mstislav I, Grand Prince of Kyiv",,https://www.wikidata.org/wiki/Q41514,public domain
st-george,St. George,Saint George,label,Q48438,Lod,31.95,34.9,,Aragon; Crown of Aragon; Kingdom of Aragon,http://commons.wikimedia.org/wiki/Special:FilePath/Icon%20of%20Saint%20George%2C%2014th%20century%20from%20Constantinople%2C%20Byzantine%20and%20Christian%20Museum%2C%20Athens.jpg,Saint George,http://www.wikidata.org/entity/Q2527,https://www.wikidata.org/wiki/Q48438,needs review: CC BY-SA 3.0
st-gertrude-the-great,St. Gertrude the Great,Gertrude the Great,label,Q61934,,,,Benedictines,,http://commons.wikimedia.org/wiki/Special:FilePath/Miguel%20Cabrera%2C%20Santa%20Gertrudis%2C%201763%20Mexico.jpg,Saint Gertrude of Helfta,http://www.wikidata.org/entity/Q3029,https://www.wikidata.org/wiki/Q61934,public domain
st-gregory-nazianzen,St. Gregory Nazianzen,Gregory of Nazianzus,label,Q44011,Constantinople,41.01224,28.976018,,,http://commons.wikimedia.org/wiki/Special:FilePath/Gregor-Chora%20%28cropped%29.jpg,Gregory of Nazianzus,http://www.wikidata.org/entity/Q2279,https://www.wikidata.org/wiki/Q44011,needs review: Copyrighted free use
st-gregory-of-narek,St. Gregory of Narek,Gregory of Narek,label,Q969758,,,,,,http://commons.wikimedia.org/wiki/Special:FilePath/Grigor%20Narekatsi%201.jpg,Grigor Narekatsi,http://www.wikidata.org/entity/Q2361,https://www.wikidata.org/wiki/Q969758,public domain
st-gregory-the-great,St. Gregory the Great,Gregory I,label,Q42827,St. Peter's Basilica,41.902222222,12.453416666,Benedictines,,http://commons.wikimedia.org/wiki/Special:FilePath/Pope%20Gregory%20I%20illustration.jpg,Gregorius I Magnus,http://www.wikidata.org/entity/Q2860,https://www.wikidata.org/wiki/Q42827,public domain
st-gregory-vii,St. Gregory VII,Gregory VII,label,Q133063,Salerno Cathedral,40.680083333,14.760416666,Benedictines,,http://commons.wikimedia.org/wiki/Special:FilePath/Gregorius%20%28Vita%20Gregorii%20VII%29.jpg,Gregorius VII,http://www.wikidata.org/entity/Q2585,https://www.wikidata.org/wiki/Q133063,public domain
st-henry,St. Henry,Saint Emeric of Hungary,"AMBIGUOUS 2: Q359259,Q445357",Q359259,Székesfehérvár Basilica,47.1917,18.4107,,,http://commons.wikimedia.org/wiki/Special:FilePath/Tiszaug%2C%20r%C3%B3mai%20katolikus%20templom%20bels%C5%91%20tere%202025%2010.jpg,Saint Emeric of Hungary,http://www.wikidata.org/entity/Q2994,https://www.wikidata.org/wiki/Q359259,needs review: CC BY-SA 4.0
st-hilary-of-poitiers,St. Hilary of Poitiers,Hilary of Poitiers,label,Q44344,,,,,,http://commons.wikimedia.org/wiki/Special:FilePath/Hilaryofpoitiers.jpg,Hilary of Poitiers,http://www.wikidata.org/entity/Q2257,https://www.wikidata.org/wiki/Q44344,public domain
st-hildegard-of-bingen,St. Hildegard of Bingen,Hildegard of Bingen,label,Q70991,Saint Hildegard parish church in Eibingen,49.98588,7.928229,Benedictines,,http://commons.wikimedia.org/wiki/Special:FilePath/Hildegard%20von%20Bingen.jpg,Hildegard von Bingen,http://www.wikidata.org/entity/Q2894,https://www.wikidata.org/wiki/Q70991,public domain
st-hippolytus,St. Hippolytus,Hippolytus,label,Q207113,,,,,,http://commons.wikimedia.org/wiki/Special:FilePath/HippolytusStatue.JPG,Saint Hippolytus,http://www.wikidata.org/entity/Q2930,https://www.wikidata.org/wiki/Q207113,public domain
st-ignatius-of-antioch,St. Ignatius of Antioch,Ignatius of Antioch,label,Q44170,St. Peter's Basilica,41.902222222,12.453416666,,,http://commons.wikimedia.org/wiki/Special:FilePath/Hosios%20Loukas%20%28south%20west%20chapel%2C%20south%20side%29%20-%20Ignatios.jpg,Ignatius of Antioch,http://www.wikidata.org/entity/Q2455,https://www.wikidata.org/wiki/Q44170,public domain
st-ignatius-of-loyola,St. Ignatius of Loyola,Ignatius of Loyola,label,Q44281,Church of the Gesù,41.895833333,12.479722222,Society of Jesus,Basques; soldier,http://commons.wikimedia.org/wiki/Special:FilePath/St%20Ignatius%20of%20Loyola%20%281491-1556%29%20Founder%20of%20the%20Jesuits.jpg,Ignatius of Loyola,http://www.wikidata.org/entity/Q2715,https://www.wikidata.org/wiki/Q44281,public domain
st-irenus,St. Irenæus,Irenaeus,label,Q182123,,,,,,http://commons.wikimedia.org/wiki/Special:FilePath/San%20Ireneo%2C%20vitral%20%28cropped%29.jpg,Irenaeus,http://www.wikidata.org/entity/Q2660,https://www.wikidata.org/wiki/Q182123,public domain
st-isaac-jogues,St. Isaac Jogues,Isaac Jogues,label,Q588832,,,,Society of Jesus,,http://commons.wikimedia.org/wiki/Special:FilePath/Father%20Isaac%20Jogues%20S.J.jpg,Saint Isaac Jogues and Companions,http://www.wikidata.org/entity/Q2964,https://www.wikidata.org/wiki/Q588832,public domain
st-isidore,St. Isidore,Isidore of Pelusium,label,Q713530,,,,,,http://commons.wikimedia.org/wiki/Special:FilePath/Isidore%20of%20Pelusium.jpg,Isidore of Pelusium,http://www.wikidata.org/entity/Q2318,https://www.wikidata.org/wiki/Q713530,public domain
st-james-son-of-alphaeus,St. James (Son of Alphaeus),St. James the Elder,label,Q43999,Cathedral of Santiago de Compostela,42.880555555,-8.544444444,,Academia de Caballería de Valladolid; Cavalry of Spanish Army; Galicia; Order of Santiago; Spain; equestrian; furrier; tanner,http://commons.wikimedia.org/wiki/Special:FilePath/Dijon%20fine%20arts%20museum%20mg%201626.jpg,Saint James the Greater,http://www.wikidata.org/entity/Q2901,https://www.wikidata.org/wiki/Q43999,needs review: CC BY-SA 2.0 fr
st-james-son-of-zebedee,St. James (Son of Zebedee),St. James the Elder,label,Q43999,Cathedral of Santiago de Compostela,42.880555555,-8.544444444,,Academia de Caballería de Valladolid; Cavalry of Spanish Army; Galicia; Order of Santiago; Spain; equestrian; furrier; tanner,http://commons.wikimedia.org/wiki/Special:FilePath/Dijon%20fine%20arts%20museum%20mg%201626.jpg,Saint James the Greater,http://www.wikidata.org/entity/Q2901,https://www.wikidata.org/wiki/Q43999,needs review: CC BY-SA 2.0 fr
st-jane-frances-de-chantal,St. Jane Frances de Chantal,Jane Frances de Chantal,label,Q234521,,,,Order of the Visitation of Holy Mary,,http://commons.wikimedia.org/wiki/Special:FilePath/Joanna%20de%20Chantal.jpg,Jane Frances de Chantal,http://www.wikidata.org/entity/Q2777,https://www.wikidata.org/wiki/Q234521,public domain
st-john-of-avila,St. John of Ávila,John of Ávila,label,Q320160,Basilica of St. John of Avila,37.58861111,-4.63805556,,,http://commons.wikimedia.org/wiki/Special:FilePath/Attributed%20to%20el%20Greco%20-%20Portrait%20of%20Juan%20de%20%C3%81vila%20-%20Google%20Art%20Project.jpg,John of Avila,http://www.wikidata.org/entity/Q2557,https://www.wikidata.org/wiki/Q320160,public domain
st-john-of-god,St. John of God,John of God,label,Q320171,Granada,37.175,-3.6,Brothers Hospitallers of St. John of God,,http://commons.wikimedia.org/wiki/Special:FilePath/1880%20-%20Milano%20-%20Fatebenesorelle%20-%20Pompeo%20Marchesi%2C%20S.%20Giovanni%20di%20Dio%20%281837%29%20-%20Foto%20G.%20Dall%27Orto%2C%2022-Ott-2008.jpg,John of God,http://www.wikidata.org/entity/Q2395,https://www.wikidata.org/wiki/Q320171,needs review: Attribution
st-john-of-the-cross,St. John of the Cross,John of the Cross,label,Q190388,Sepulcher of Saint John of the Cross,,,Carmelites; Order of the Brothers Discalced of the Blessed Virgin Mary of Mount Carmel,,http://commons.wikimedia.org/wiki/Special:FilePath/Zurbar%C3%A1n%20%28atribuido%29-John%20of%20the%20Cross-1656.jpg,Juan de la Cruz,http://www.wikidata.org/entity/Q2382,https://www.wikidata.org/wiki/Q190388,public domain
st-januarius,St. Januarius,Januarius,"AMBIGUOUS 2: Q315312,Q3763775",Q315312,Naples Cathedral,40.852606,14.259528,,Naples,http://commons.wikimedia.org/wiki/Special:FilePath/Saint%20Januarius.jpg,Saint Januarius,http://www.wikidata.org/entity/Q2896,https://www.wikidata.org/wiki/Q315312,public domain
st-jerome,St. Jerome,Jerome,label,Q44248,Bethlehem,31.704444444,35.206111111,,,http://commons.wikimedia.org/wiki/Special:FilePath/Domenico%20ghirlandaio%2C%20san%20girolamo%2001.jpg,Saint Jerome,http://www.wikidata.org/entity/Q2881,https://www.wikidata.org/wiki/Q44248,public domain
st-jerome-emiliani,St. Jerome Emiliani,Gerolamo Emiliani,label,Q451914,,,,Somaschi Fathers,,http://commons.wikimedia.org/wiki/Special:FilePath/Ca%27%20Rezzonico%20-%20Cappella%20di%20Zianigo%20-%20San%20Girolamo%20Miani%20-%20Giandomenico%20Tiepolo.jpg,Gerolamo Emiliani,http://www.wikidata.org/entity/Q2323,https://www.wikidata.org/wiki/Q451914,public domain
st-john,St. John,John the Apostle,"AMBIGUOUS 4: Q44015,Q160916,Q328804,Q54561861",Q44015,Turkey,39.0,36.0,,,http://commons.wikimedia.org/wiki/Special:FilePath/Rubens%20apostel%20johannes%20grt.jpg,John the Apostle,http://www.wikidata.org/entity/Q2800,https://www.wikidata.org/wiki/Q44015,public domain
st-john-bosco,St. John Bosco,John Bosco,label,Q146183,,,,Salesians of Don Bosco,,http://commons.wikimedia.org/wiki/Special:FilePath/San%20Giovanni%20Bosco.jpg,Giovanni Bosco,http://www.wikidata.org/entity/Q2289,https://www.wikidata.org/wiki/Q146183,public domain
st-john-cantius,St. John Cantius,John Cantius,label,Q275624,Church of St. Anne,50.0620887,19.9337652,,,http://commons.wikimedia.org/wiki/Special:FilePath/Jan%20Kanty.jpg,John Cantius,http://www.wikidata.org/entity/Q2676,https://www.wikidata.org/wiki/Q275624,needs review: CC BY-SA 3.0
st-john-chrysostom,St. John Chrysostom,John Chrysostom,label,Q43706,,,,,,http://commons.wikimedia.org/wiki/Special:FilePath/Johnchrysostom.jpg,John Chrysostom,http://www.wikidata.org/entity/Q2848,https://www.wikidata.org/wiki/Q43706,public domain
st-john-eudes,St. John Eudes,Jean Eudes,label,Q441714,Séminaire des Eudistes de Caen,49.1809,-0.364695,Congregation of Jesus and Mary; Oratory of Saint Philip Neri,,http://commons.wikimedia.org/wiki/Special:FilePath/JeanEudes.png,Jean Eudes,http://www.wikidata.org/entity/Q2829,https://www.wikidata.org/wiki/Q441714,public domain
st-john-fisher,St. John Fisher,John Fisher,label,Q317149,"Church of St Peter ad Vincula, Tower Hamlets",51.5086,-0.0769444,,,http://commons.wikimedia.org/wiki/Special:FilePath/John%20Fisher%20%28painting%29.jpg,John Fisher,http://www.wikidata.org/entity/Q2663,https://www.wikidata.org/wiki/Q317149,public domain
st-john-i,St. John I,John I,label,Q160916,,,,,,http://commons.wikimedia.org/wiki/Special:FilePath/Johannes%20I.jpg,Ioannes I,http://www.wikidata.org/entity/Q2576,https://www.wikidata.org/wiki/Q160916,public domain
st-john-neumann,St. John Neumann,John Neumann,label,Q558256,,,,Congregation of the Most Holy Redeemer,,http://commons.wikimedia.org/wiki/Special:FilePath/Johannes%20Nepomuk%20Neumann.jpg,John Neumann,http://www.wikidata.org/entity/Q2202,https://www.wikidata.org/wiki/Q558256,public domain
st-john-paul-ii,St. John Paul II,John Paul II,label,Q989,St. Peter's Basilica,41.902222222,12.453416666,,,http://commons.wikimedia.org/wiki/Special:FilePath/Pope%20John%20Paul%20II%20smile.jpg,Ioannes Paulus II,http://www.wikidata.org/entity/Q2957,https://www.wikidata.org/wiki/Q989,needs review: CC BY 3.0 pl
st-john-the-baptist,St. John the Baptist,John the Baptist,label,Q40662,Samaria,32.276111,35.195,,,http://commons.wikimedia.org/wiki/Special:FilePath/Accademia%20-%20St%20John%20the%20Baptist%20by%20Titian%20Cat314.jpg,Saint John the Baptist,http://www.wikidata.org/entity/Q2665,https://www.wikidata.org/wiki/Q40662,public domain
st-john-vianney,St. John Vianney,Jean-Marie Vianney,label,Q243816,Basilique d'Ars,45.992371,4.823073,,,http://commons.wikimedia.org/wiki/Special:FilePath/Sermentizon%20vianney.jpg,Jean-Marie Vianney,http://www.wikidata.org/entity/Q2784,https://www.wikidata.org/wiki/Q243816,needs review: CC BY-SA 3.0
st-john-xxiii,St. John XXIII,John XXIII,label,Q23873,Tomb of John XXIII,,,,,http://commons.wikimedia.org/wiki/Special:FilePath/Ioannes%20XXIII%2C%20by%20De%20Agostini%2C%201958%E2%80%931963.jpg,Ioannes XXIII,http://www.wikidata.org/entity/Q2927,https://www.wikidata.org/wiki/Q23873,public domain
st-josaphat,St. Josaphat,Josaphat,label,Q16655984,,,,,,http://commons.wikimedia.org/wiki/Special:FilePath/%D0%A1%D0%B2%D1%8F%D1%82%D1%8B%D0%B5%20%D0%92%D0%B0%D1%80%D0%BB%D0%B0%D0%B0%D0%BC%20%D0%B8%20%D0%98%D0%BE%D0%B0%D1%81%D0%B0%D1%84%20%D0%98%D0%BD%D0%B4%D0%B8%D0%B9%D1%81%D0%BA%D0%B8%D0%B9%20%D1%86%D0%B0%D1%80%D0%B5%D0%B2%D0%B8%D1%87%20~%20saints%20Barlaam%20and%20Josaphat%20prince%20of%20India.jpg,,,https://www.wikidata.org/wiki/Q16655984,public domain
st-josemaria-escriva,St. Josemaría Escrivá,Josemaría Escrivá,label,Q186807,prelatic church of Our Lady of Peace,41.9221,12.4836,,,http://commons.wikimedia.org/wiki/Special:FilePath/Josemaria%20Escriva.jpg,Josemaria Escrivá de Balaguer,http://www.wikidata.org/entity/Q2661,https://www.wikidata.org/wiki/Q186807,needs review: CC BY-SA 2.0
st-joseph,St. Joseph,Joseph,"AMBIGUOUS 60: Q145746,Q2062476,Q3184454,Q3769899",Q145746,Cavern of the Patriarchs,31.524672222,35.110758333,,,http://commons.wikimedia.org/wiki/Special:FilePath/JosephandhisBrothers.jpg,Joseph (son of Jacob),http://www.wikidata.org/entity/Q2855,https://www.wikidata.org/wiki/Q145746,public domain
st-josephine-bakhita,St. Josephine Bakhita,Josephine Bakhita,label,Q236030,,,,,Sudan; slave,http://commons.wikimedia.org/wiki/Special:FilePath/Bakhita%20Szent%20Jozefina.jpeg,Josephine Bakhita,http://www.wikidata.org/entity/Q2323,https://www.wikidata.org/wiki/Q236030,public domain
st-juan-diego,St. Juan Diego,Juan Diego Cuauhtlatoatzin,label,Q335539,,,,,indigenous people,http://commons.wikimedia.org/wiki/Special:FilePath/Juan-Diego.jpg,Saint Juan Diego of Mexico,http://www.wikidata.org/entity/Q2304,https://www.wikidata.org/wiki/Q335539,public domain
st-jude,St. Jude,Jude,"AMBIGUOUS 4: Q2464332,Q3187937,Q116026240,Q45434399",Q2464332,,,,,,,,,https://www.wikidata.org/wiki/Q2464332,
st-justin-martyr,St. Justin Martyr,Justin Martyr,label,Q185117,,,,,,http://commons.wikimedia.org/wiki/Special:FilePath/Justin%20Martyr.jpg,Justin the Philosopher,http://www.wikidata.org/entity/Q2625,https://www.wikidata.org/wiki/Q185117,public domain
st-kateri-tekakwitha,St. Kateri Tekakwitha,Kateri Tekakwitha,label,Q609,Caughnawaga Mission,45.4154375,-73.6766875,,,http://commons.wikimedia.org/wiki/Special:FilePath/CatherinaeTekakwithaVirginis1690.jpg,Kateri Tekakwitha,http://www.wikidata.org/entity/Q2520,https://www.wikidata.org/wiki/Q609,public domain
st-katharine-drexel,St. Katharine Drexel,Katharine Drexel,label,Q254227,,,,Sisters of Mercy; Sisters of the Blessed Sacrament,,http://commons.wikimedia.org/wiki/Special:FilePath/Katharine%20Drexel.jpg,Saint Katharine Drexel,http://www.wikidata.org/entity/Q2391,https://www.wikidata.org/wiki/Q254227,public domain
st-lawrence,St. Lawrence,Laurence of Canterbury,"AMBIGUOUS 2: Q347940,Q4252076",Q347940,St Augustine's Abbey,51.278127777,1.088205555,Benedictines,,,Laurence of Canterbury,http://www.wikidata.org/entity/Q2315,https://www.wikidata.org/wiki/Q347940,
st-lawrence-of-brindisi,St. Lawrence of Brindisi,Lawrence of Brindisi,label,Q313803,,,,Order of Friars Minor Capuchin,,http://commons.wikimedia.org/wiki/Special:FilePath/San%20Lorenzo%20da%20Brindisi.jpg,Lawrence of Brindisi,http://www.wikidata.org/entity/Q2727,https://www.wikidata.org/wiki/Q313803,public domain
st-leo-the-great,St. Leo the Great,Leo I,label,Q43954,Old St. Peter's Basilica,41.902222222,12.453333333,,,http://commons.wikimedia.org/wiki/Special:FilePath/Herrera%20mozo%20San%20Le%C3%B3n%20magno%20Lienzo.%20%C3%93valo.%20164%20x%20105%20cm.%20Museo%20del%20Prado.png,Leo I Magnus,http://www.wikidata.org/entity/Q2988,https://www.wikidata.org/wiki/Q43954,public domain
st-louis,St. Louis,Louis,"AMBIGUOUS 20: Q1351496,Q24039095,Q97727419,Q108452437",Q1351496,,,,Benedictines,,,,,https://www.wikidata.org/wiki/Q1351496,
st-louis-de-montfort,St. Louis de Montfort,Louis de Montfort,label,Q88927,Saint-Laurent-sur-Sèvre,46.958611111,-0.893055555,Company of Mary; Third Order of Saint Dominic,,http://commons.wikimedia.org/wiki/Special:FilePath/Louis%20de%20Montfort.jpg,Saint Louis de Montfort,http://www.wikidata.org/entity/Q2534,https://www.wikidata.org/wiki/Q88927,public domain
st-lucy,St. Lucy,Saint Lucy,label,Q183240,Venice,45.439722222,12.331944444,,,http://commons.wikimedia.org/wiki/Special:FilePath/Francisco%20de%20Zurbar%C3%A1n%2C%20Saint%20Lucy%2C%20c.%201625-1630%2C%20NGA%2012209.jpg,Saint Lucy,http://www.wikidata.org/entity/Q2379,https://www.wikidata.org/wiki/Q183240,public domain
st-luke,St. Luke,Luke the Evangelist,label,Q128538,Greece,38.5,23.0,,,http://commons.wikimedia.org/wiki/Special:FilePath/Grandes%20Heures%20Anne%20de%20Bretagne%20Saint%20Luc.jpg,Luke the Evangelist,http://www.wikidata.org/entity/Q2964,https://www.wikidata.org/wiki/Q128538,public domain
st-marcellinus,St. Marcellinus,Marcellinus,"AMBIGUOUS 2: Q160373,Q1893302",Q160373,Catacomb of Priscilla,41.9297,12.5087,,,http://commons.wikimedia.org/wiki/Special:FilePath/Marcellinus.jpg,Marcellinus,http://www.wikidata.org/entity/Q2532,https://www.wikidata.org/wiki/Q160373,public domain
st-margaret-mary-alacoque,St. Margaret Mary Alacoque,Margaret Mary Alacoque,label,Q235853,,,,,,http://commons.wikimedia.org/wiki/Special:FilePath/Marguerite-Marie%20Alacoque.jpg,Marguerite Marie Alacoque,http://www.wikidata.org/entity/Q2963,https://www.wikidata.org/wiki/Q235853,public domain
st-margaret-of-scotland,St. Margaret of Scotland,Saint Margaret of Scotland,label,Q230507,Dunfermline Abbey,56.0697028,-3.463541394,,Scotland,http://commons.wikimedia.org/wiki/Special:FilePath/2010-08-02%20Salisbury%20Cathedral%20interior%2020.jpg,"Margaret of Wessex, Queen of Scotland",http://www.wikidata.org/entity/Q3029,https://www.wikidata.org/wiki/Q230507,needs review: CC BY-SA 4.0
st-maria-goretti,St. Maria Goretti,Maria Goretti,label,Q234697,,,,Passionists,,http://commons.wikimedia.org/wiki/Special:FilePath/Photograph%20of%20Saint%20Maria%20Goretti%2C%201902.jpg,Maria Goretti,http://www.wikidata.org/entity/Q2695,https://www.wikidata.org/wiki/Q234697,public domain
st-mark,St. Mark,Mark the Evangelist,"AMBIGUOUS 2: Q31966,Q132797",Q31966,St Mark's Basilica,45.434444444,12.339722222,,,http://commons.wikimedia.org/wiki/Special:FilePath/Caxias%20museumunicipal4.jpg,Saint Mark,http://www.wikidata.org/entity/Q2387117,https://www.wikidata.org/wiki/Q31966,needs review: CC BY-SA 3.0
st-martha,St. Martha,Martha,label,Q232453,,,,,,http://commons.wikimedia.org/wiki/Special:FilePath/Mnma%2C%20St%20Martha%20penitents.JPG,Saint Martha,http://www.wikidata.org/entity/Q2717,https://www.wikidata.org/wiki/Q232453,public domain
st-martin,St. Martin,Martin Haller,"AMBIGUOUS 60: Q77382,Q369002,Q382428,Q937096",Q77382,,,,,,http://commons.wikimedia.org/wiki/Special:FilePath/Allers%2C%20Christian%20Wilhelm%20-%20Rathausbaumeister%20Detail%20Martin%20Haller%20-%20Hamburger%20Kunsthalle.jpg,Martin Haller (architect),,https://www.wikidata.org/wiki/Q77382,public domain
st-martin-de-porres,St. Martin de Porres,Martin de Porres,label,Q313293,,,,Dominican Order,,http://commons.wikimedia.org/wiki/Special:FilePath/San%20Martin%20de%20Porres%20huaycan.jpg,Saint Martin de Porres,http://www.wikidata.org/entity/Q2995,https://www.wikidata.org/wiki/Q313293,public domain
st-martin-of-tours,St. Martin of Tours,Martin of Tours,label,Q133704,"Basilica of St. Martin, Tours",47.393056,0.682778,,,http://commons.wikimedia.org/wiki/Special:FilePath/Simone%20Martini%20040.jpg,Martin of Tours,http://www.wikidata.org/entity/Q2987,https://www.wikidata.org/wiki/Q133704,public domain
st-mary-magdalen,St. Mary Magdalen,Mary Magdalene,label,Q63070,,,,,,http://commons.wikimedia.org/wiki/Special:FilePath/Philippe%20de%20Champaigne%20-%20The%20Repentant%20Magdalen%20-%20Google%20Art%20Project.jpg,Mary Magdalene,http://www.wikidata.org/entity/Q2725,https://www.wikidata.org/wiki/Q63070,public domain
st-mary-of-bethany,St. Mary of Bethany,Mary of Bethany,label,Q239058,,,,,,http://commons.wikimedia.org/wiki/Special:FilePath/Johannes%20%28Jan%29%20Vermeer%20-%20Christ%20in%20the%20House%20of%20Martha%20and%20Mary%20-%20Google%20Art%20Project.jpg,Mary of Bethany,http://www.wikidata.org/entity/Q35032,https://www.wikidata.org/wiki/Q239058,public domain
st-matthew,St. Matthew,Matthew the Apostle,label,Q43600,,,,,,http://commons.wikimedia.org/wiki/Special:FilePath/Anthony%20van%20Dyck%20-%20De%20apostel%20Mattheus%20-%20L%27apotre%20Matthieu%20-%20Fonds%20Generet%20-%20Koning%20Boudewijnstichting%20-%20Fondation%20Roi%20Baudouin.jpg,Saint Matthew,http://www.wikidata.org/entity/Q3029,https://www.wikidata.org/wiki/Q43600,public domain
st-matthias,St. Matthias,Matthias,"AMBIGUOUS 10: Q6791507,Q16575404,Q20556638,Q56449454",Q6791507,,,,,,,,,https://www.wikidata.org/wiki/Q6791507,
st-maximilian-kolbe,St. Maximilian Kolbe,Maximilian Kolbe,label,Q153850,Auschwitz,50.035833333,19.178333333,Conventual Franciscans,blood donor,http://commons.wikimedia.org/wiki/Special:FilePath/Fr.Maximilian%20Kolbe%20in%201936.jpg,Maksymilian Kolbe,http://www.wikidata.org/entity/Q2775,https://www.wikidata.org/wiki/Q153850,public domain
st-methodius-and-cyril,St. Methodius (and Cyril),Methodius of Thessaloniki,label,Q470621,,,,,,http://commons.wikimedia.org/wiki/Special:FilePath/Icon%20of%20Saint%20Methodius%2C%20The%20Holy%20Mount%20of%20Grabarka.png,Saint Methodius,http://www.wikidata.org/entity/Q2555,https://www.wikidata.org/wiki/Q470621,needs review: CC BY-SA 4.0
st-michael,St. Michael,Rosta Benecky,"AMBIGUOUS 55: Q121891999,Q123065834,Q60048692,Q76465984",Q121891999,,,,,,,,,https://www.wikidata.org/wiki/Q121891999,
st-monica,St. Monica,Monica of Hippo,label,Q234689,Basilica of Saint Augustine in Campo Marzio,41.900801904,12.47425985,,,http://commons.wikimedia.org/wiki/Special:FilePath/Piero%2C%20santa%20monaca.jpg,Saint Monica of Hippo,http://www.wikidata.org/entity/Q2822,https://www.wikidata.org/wiki/Q234689,public domain
st-nereus,St. Nereus,Nereus,label-nostatus,Q19202759,,,,,,http://commons.wikimedia.org/wiki/Special:FilePath/Rome%20Chiesa%20Nuova%20Flavia%20Domitilla%20van%20Terracina%2C%20Nereus%20en%20Achilleus%20%28Rubens%29%2010-01-2011%2010-50-38.JPG,,,https://www.wikidata.org/wiki/Q19202759,public domain
st-nicholas,St. Nicholas,Nicholas I,"AMBIGUOUS 4: Q170503,Q2396437,Q4320622,Q4320627",Q170503,St. Peter's Basilica,41.902222222,12.453416666,,,http://commons.wikimedia.org/wiki/Special:FilePath/Pope%20Nicholas%20I.jpg,Nicolaus I,http://www.wikidata.org/entity/Q2984,https://www.wikidata.org/wiki/Q170503,public domain
st-norbert,St. Norbert,Nordebert,"AMBIGUOUS 8: Q2066135,Q17429490,Q23772473,Q31053909",Q2066135,,,,,,,,,https://www.wikidata.org/wiki/Q2066135,
st-pancras,St. Pancras,Pancras,label-nostatus,Q12090859,,,,,,http://commons.wikimedia.org/wiki/Special:FilePath/Vsevolod.jpg,Pancras (Matviievskyi),,https://www.wikidata.org/wiki/Q12090859,needs review: CC BY-SA 3.0
st-patrick,St. Patrick,Saint Patrick,label,Q165479,,,,,,http://commons.wikimedia.org/wiki/Special:FilePath/Saint%20Patrick%20Catholic%20Church%20%28Junction%20City%2C%20Ohio%29%20-%20stained%20glass%2C%20Saint%20Patrick%20-%20detail.jpg,Saint Patrick,http://www.wikidata.org/entity/Q6756698,https://www.wikidata.org/wiki/Q165479,needs review: CC BY-SA 4.0
st-paul,St. Paul,Paul the Apostle,"AMBIGUOUS 3: Q9200,Q103404,Q54561871",Q9200,Basilica of Saint Paul outside the Walls,41.858611111,12.477222222,,,http://commons.wikimedia.org/wiki/Special:FilePath/Giovanni%20Francesco%20Barbieri%20-%20Saint%20Paul.jpg,Saint Paul,http://www.wikidata.org/entity/Q3027,https://www.wikidata.org/wiki/Q9200,public domain
st-paulinus-of-nola,St. Paulinus of Nola,Paulinus of Nola,label,Q132473,,,,,,http://commons.wikimedia.org/wiki/Special:FilePath/Linz%20Dom%20Fenster%2009%20img03.jpg,Saint Paulinus of Nola,http://www.wikidata.org/entity/Q2663,https://www.wikidata.org/wiki/Q132473,public domain
st-paul-miki-and-companions,St. Paul Miki and Companions,Paul Miki,label,Q380649,,,,Society of Jesus,,http://commons.wikimedia.org/wiki/Special:FilePath/Bamberg%20St%20Martin%20Figur%20Paul%20Miki.jpg,Paulus Miki,http://www.wikidata.org/entity/Q2320,https://www.wikidata.org/wiki/Q380649,needs review: CC BY 3.0
st-paul-of-the-cross,St. Paul of the Cross,Paul of the Cross,label,Q370261,Basilica of Saints John and Paul on the Caelian Hill,41.886272,12.492659,Passionists,,http://commons.wikimedia.org/wiki/Special:FilePath/Paul%20de%20la%20croix.jpg,Saint Paul of the Cross,http://www.wikidata.org/entity/Q2961,https://www.wikidata.org/wiki/Q370261,public domain
st-peter,St. Peter,Saint Peter,"AMBIGUOUS 4: Q33923,Q62607833,Q123560444,Q131543176",Q33923,Vatican Necropolis,41.902301,12.453293,,,http://commons.wikimedia.org/wiki/Special:FilePath/Pope-peter%20pprubens.jpg,Saint Peter,http://www.wikidata.org/entity/Q2659,https://www.wikidata.org/wiki/Q33923,public domain
st-peter-chrysologus,St. Peter Chrysologus,Peter Chrysologus,label,Q328742,,,,,,http://commons.wikimedia.org/wiki/Special:FilePath/Pedro%20crisologo01.jpg,Peter Chrysologus,http://www.wikidata.org/entity/Q2716,https://www.wikidata.org/wiki/Q328742,needs review: CC BY-SA 3.0
st-peter-claver,St. Peter Claver,Peter Claver,label,Q167458,Colombia,4.0,-73.25,Society of Jesus,,http://commons.wikimedia.org/wiki/Special:FilePath/StPeterClaver.jpg,Saint Peter Claver,http://www.wikidata.org/entity/Q2856,https://www.wikidata.org/wiki/Q167458,public domain
st-peter-damian,St. Peter Damian,Peter Damian,label,Q258369,Faenza Cathedral,44.285984,11.884132,Benedictines,,http://commons.wikimedia.org/wiki/Special:FilePath/Pierodamiani2.JPG,Petrus Damiani,http://www.wikidata.org/entity/Q2350,https://www.wikidata.org/wiki/Q258369,public domain
st-peter-julian-eymard,St. Peter Julian Eymard,Peter Julian Eymard,label,Q560994,,,,Society of Mary,,http://commons.wikimedia.org/wiki/Special:FilePath/Eymard.jpg,Pierre-Julien Eymard,http://www.wikidata.org/entity/Q2785,https://www.wikidata.org/wiki/Q560994,public domain
st-robert-bellarmine,St. Robert Bellarmine,Robert Bellarmine,label,Q298664,Sant'Ignazio Church,41.89904,12.47973,Society of Jesus,,http://commons.wikimedia.org/wiki/Special:FilePath/Portret%20van%20kardinaal%20Robertus%20Bellarminus%2C%20onbekend%2C%20schilderij%2C%20Museum%20Plantin-Moretus%20%28Antwerpen%29%20-%20MPM%20V%20IV%20110%20%28cropped%29.jpg,Roberto Bellarmino,http://www.wikidata.org/entity/Q2894,https://www.wikidata.org/wiki/Q298664,public domain
st-philip-neri,St. Philip Neri,Philip Neri,label,Q217791,,,,Oratory of Saint Philip Neri,,http://commons.wikimedia.org/wiki/Special:FilePath/Chiesa%20di%20San%20Polo%20%28Venice%29%20-%20Oratorio%20del%20Crocifisso%20-%20St.%20Philip%20Neri%20by%20Giandomenico%20Tiepolo.jpg,Philip Neri,http://www.wikidata.org/entity/Q2586,https://www.wikidata.org/wiki/Q217791,needs review: CC BY-SA 4.0
st-pio-of-pietrelcina-padre-pio,St. Pio of Pietrelcina (Padre Pio),Padre Pio,label,Q193754,,,,Order of Friars Minor Capuchin,,http://commons.wikimedia.org/wiki/Special:FilePath/Padre%20Pio%20portrait.jpg,Padre Pio,http://www.wikidata.org/entity/Q2888,https://www.wikidata.org/wiki/Q193754,public domain
st-pius-v,St. Pius V,Pius V,label,Q131945,Basilica di Santa Maria Maggiore,41.8975,12.498611111,Dominican Order,,http://commons.wikimedia.org/wiki/Special:FilePath/Bartolomeo%20Passarotti%20-%20Pius%20V.jpg,Pius V,http://www.wikidata.org/entity/Q2536,https://www.wikidata.org/wiki/Q131945,public domain
st-pius-x,St. Pius X,Pius X,label,Q43739,St. Peter's Basilica,41.902222222,12.453416666,,,http://commons.wikimedia.org/wiki/Special:FilePath/Pius%20X%2C%20by%20Ernest%20Walter%20Histed%20%28retouched%29.jpg,Pius X,http://www.wikidata.org/entity/Q2823,https://www.wikidata.org/wiki/Q43739,public domain
st-polycarp,St. Polycarp,Polycarp,label,Q192371,Tomb of Saint Polycarp,,,,,http://commons.wikimedia.org/wiki/Special:FilePath/Polycarp.jpg,Polycarp of Smyrna,http://www.wikidata.org/entity/Q2352,https://www.wikidata.org/wiki/Q192371,public domain
st-pontian,St. Pontian,Pontian,label,Q132113,Catacomb of Callixtus,41.85887778,12.51105833,,,http://commons.wikimedia.org/wiki/Special:FilePath/18-St.Pontian.jpg,Pontianus,http://www.wikidata.org/entity/Q2776,https://www.wikidata.org/wiki/Q132113,public domain
st-raphael,St. Raphael,Raphael,"AMBIGUOUS 9: Q5597,Q561205,Q888854,Q7293936",Q5597,Pantheon,41.898611111,12.476944444,Franciscans,,http://commons.wikimedia.org/wiki/Special:FilePath/Raffaello%20Sanzio.jpg,Raffaello Sanzio,,https://www.wikidata.org/wiki/Q5597,public domain
st-rita-of-cascia,St. Rita of Cascia,Q153024,label,Q153024,Saint Rita Basilica,42.71892,13.01264,Augustinian nuns,abuse; illness; incorrigibility; mother; wound,http://commons.wikimedia.org/wiki/Special:FilePath/S.Rita%20da%20Cascia.jpg,Rita of Cascia,http://www.wikidata.org/entity/Q2581,https://www.wikidata.org/wiki/Q153024,public domain
st-romuald,St. Romuald,Romuald,label,Q379691,,,,Benedictines,,http://commons.wikimedia.org/wiki/Special:FilePath/Fra%20Angelico%20032.jpg,Saint Romuald,http://www.wikidata.org/entity/Q2669,https://www.wikidata.org/wiki/Q379691,public domain
st-rose-of-lima,St. Rose of Lima,Rose of Lima,label,Q244383,Basilica and Convent of Santo Domingo,-12.044086111,-77.031927777,Third Order of Saint Dominic,,http://commons.wikimedia.org/wiki/Special:FilePath/Santa%20Rosa%20de%20Lima%20Ebrafol.jpg,Saint Rose of Lima,http://www.wikidata.org/entity/Q2818,https://www.wikidata.org/wiki/Q244383,needs review: CC BY-SA 2.5
st-rose-philippine-duchesne,St. Rose Philippine Duchesne,Rose Philippine Duchesne,label,Q268064,Missouri,38.5,-92.5,Society of the Sacred Heart,,http://commons.wikimedia.org/wiki/Special:FilePath/DuchesneRSCJ.jpg,Rose Philippine Duchesne,http://www.wikidata.org/entity/Q3027,https://www.wikidata.org/wiki/Q268064,public domain
st-scholastica,St. Scholastica,Scholastica,label,Q231300,,,,Nuns of the order of Saint Benedict,Le Mans; book; convulsion; education; school; test,http://commons.wikimedia.org/wiki/Special:FilePath/Andrea%20Mantegna%20019.jpg,Saint Scholastica,http://www.wikidata.org/entity/Q2325,https://www.wikidata.org/wiki/Q231300,public domain
st-sebastian,St. Sebastian,Simon Rex,"AMBIGUOUS 19: Q175305,Q706913,Q2263257,Q6122806",Q175305,,,,,,http://commons.wikimedia.org/wiki/Special:FilePath/Simon%20Rex%20during%20an%20interview%2C%20March%202022.jpg,Simon Rex,,https://www.wikidata.org/wiki/Q175305,needs review: CC BY 3.0
st-sixtus-ii,St. Sixtus II,Sixtus II,label,Q127385,,,,,,http://commons.wikimedia.org/wiki/Special:FilePath/Sandro%20Botticelli%20%E2%80%93%20Sixtus%20II.jpg,Sixtus II,http://www.wikidata.org/entity/Q2787,https://www.wikidata.org/wiki/Q127385,public domain
sts-martha,Sts. Martha,Martha,label,Q232453,,,,,,http://commons.wikimedia.org/wiki/Special:FilePath/Mnma%2C%20St%20Martha%20penitents.JPG,Saint Martha,http://www.wikidata.org/entity/Q2717,https://www.wikidata.org/wiki/Q232453,public domain
st-stanislas,St. Stanislas,Stanislas,label-nostatus,Q2435764,,,,,,http://commons.wikimedia.org/wiki/Special:FilePath/Stanislas%20au%20t%C3%A9l%C3%A9vie%202013.jpg,,,https://www.wikidata.org/wiki/Q2435764,needs review: CC BY-SA 4.0
st-stephen,St. Stephen,Stefan the First-Crowned,"AMBIGUOUS 3: Q24445,Q134666,Q233889",Q24445,Studenica monastery,43.486722222,20.531638888,,,http://commons.wikimedia.org/wiki/Special:FilePath/Stefan%20the%20First-Crowned%2C%20fresco%20from%20Mile%C5%A1eva.jpg,Stefan the First-Crowned,,https://www.wikidata.org/wiki/Q24445,public domain
st-sylvester,St. Sylvester,Sylvester,"AMBIGUOUS 10: Q500683,Q7660757,Q12338156,Q98687671",Q500683,Inglewood Park Cemetery,33.9675,-118.339,,,,,,https://www.wikidata.org/wiki/Q500683,
st-teresa-of-avila,St. Teresa of Ávila,Teresa of Ávila,label,Q174880,sepulcher of Saint Teresa of Avila,,,Carmelite nuns,Spain,http://commons.wikimedia.org/wiki/Special:FilePath/Santa%20Teresa%20de%20Jes%C3%BAs%20%28Museo%20del%20Prado%29.jpg,Saint Teresa of Ávila,http://www.wikidata.org/entity/Q2919,https://www.wikidata.org/wiki/Q174880,public domain
st-therese-of-lisieux-little-flower-of-jesus,St. Thérèse of Lisieux (Little Flower of Jesus),Thérèse of Lisieux,label,Q181715,Lisieux,49.145555555,0.225555555,Order of Discalced Nuns of the Blessed Virgin Mary of Mount Carmel,,http://commons.wikimedia.org/wiki/Special:FilePath/Teresa-de-Lisieux.jpg,Thérèse de Lisieux,http://www.wikidata.org/entity/Q2931,https://www.wikidata.org/wiki/Q181715,public domain
st-thomas,St. Thomas,Wayne R. Thomas,"AMBIGUOUS 69: Q93385107,Q97066902,Q109795865,Q112077692",Q93385107,,,,,,,,,https://www.wikidata.org/wiki/Q93385107,
st-thomas-aquinas,St. Thomas Aquinas,Thomas Aquinas,label,Q9438,Church of the Jacobins,43.603522,1.440413,Dominican Order,Aquino; Belcastro; apologist; chastity; learning; student; theologian; theology teacher; university teacher,http://commons.wikimedia.org/wiki/Special:FilePath/St-thomas-aquinasFXD.jpg,Thomas Aquinas,http://www.wikidata.org/entity/Q2394,https://www.wikidata.org/wiki/Q9438,public domain
st-thomas-more,St. Thomas More,Thomas More,label,Q42544,"Church of St Peter ad Vincula, Tower Hamlets",51.5086,-0.0769444,Third Order of Saint Francis,politics,http://commons.wikimedia.org/wiki/Special:FilePath/Hans%20Holbein%2C%20the%20Younger%20-%20Sir%20Thomas%20More%20-%20Google%20Art%20Project.jpg,Thomas More,http://www.wikidata.org/entity/Q2695,https://www.wikidata.org/wiki/Q42544,public domain
st-thomas-of-canterbury-becket,St. Thomas of Canterbury (Becket),Thomas Becket,label,Q192236,Canterbury Cathedral,51.279811,1.083001,,,http://commons.wikimedia.org/wiki/Special:FilePath/BecketHenryII%20%28Thomas%20Becket%29.jpg,Thomas Becket,http://www.wikidata.org/entity/Q2862,https://www.wikidata.org/wiki/Q192236,public domain
st-timothy,St. Timothy,Timothy,"AMBIGUOUS 2: Q212647,Q2069501",Q212647,Church of the Holy Apostles,41.019722222,28.949722222,,,http://commons.wikimedia.org/wiki/Special:FilePath/Saint%20Timothy.jpg,Saint Timothy,http://www.wikidata.org/entity/Q2275,https://www.wikidata.org/wiki/Q212647,public domain
st-titus,St. Titus,Titus,"AMBIGUOUS 2: Q3991848,Q320136",Q3991848,,,,,,,,http://www.wikidata.org/entity/Q2812,https://www.wikidata.org/wiki/Q3991848,
st-vincent,St. Vincent,Vincent,"AMBIGUOUS 29: Q2992346,Q3559446,Q7931641,Q12749849",Q2992346,,,,,,http://commons.wikimedia.org/wiki/Special:FilePath/Vincent%20actor.jpg,,,https://www.wikidata.org/wiki/Q2992346,needs review: CC BY 4.0
st-vincent-de-paul,St. Vincent de Paul,Vincent de Paul,label,Q244413,,,,Congregation of the Mission; Daughters of Charity of Saint Vincent de Paul,,http://commons.wikimedia.org/wiki/Special:FilePath/Saint%20Vincent%20de%20Paul.jpg,Saint Vincent de Paul,http://www.wikidata.org/entity/Q2884,https://www.wikidata.org/wiki/Q244413,needs review: CC BY-SA 3.0
st-vincent-ferrer,St. Vincent Ferrer,Vincent Ferrer,label,Q317131,,,,Dominican Order,,http://commons.wikimedia.org/wiki/Special:FilePath/San%20Vincenzo%20Ferrer%20polyptych%20by%20Giovanni%20Bellini.jpg,Saint Vincent Ferrer,http://www.wikidata.org/entity/Q2507,https://www.wikidata.org/wiki/Q317131,public domain
blessed-marie-rose-durocher,Blessed Marie Rose Durocher,Marie Rose Durocher,label,Q2318492,Quebec,52.0,-72.0,Sisters of the Holy Names of Jesus and Mary,,http://commons.wikimedia.org/wiki/Special:FilePath/Eulalie%20Durocher%20%28painting%29.jpg,Marie-Rose Durocher,http://www.wikidata.org/entity/Q2928,https://www.wikidata.org/wiki/Q2318492,public domain
st-agnes-of-bohemia,St. Agnes of Bohemia,Agnes of Bohemia,"AMBIGUOUS 2: Q394727,Q2656351",Q394727,convent of St Agnes of Bohemia,50.092494444,14.424861111,Poor Clares,,http://commons.wikimedia.org/wiki/Special:FilePath/AnezkaPremyslovna.jpg,Agnes of Bohemia,http://www.wikidata.org/entity/Q2390,https://www.wikidata.org/wiki/Q394727,public domain
st-agostino-roscelli,St. Agostino Roscelli,Agostino Roscelli,label,Q395708,,,,,,http://commons.wikimedia.org/wiki/Special:FilePath/Bargone-dipinto%20Agostino%20Roscelli.jpg,Agostino Roscelli,http://www.wikidata.org/entity/Q2553,https://www.wikidata.org/wiki/Q395708,needs review: CC BY-SA 3.0
st-albert-chmielowski,St. Albert Chmielowski,Albert Chmielowski,label,Q924770,Rakowicki Cemetery,50.075555555,19.953888888,Third Order of Saint Francis,,http://commons.wikimedia.org/wiki/Special:FilePath/Brat%20Albert.png,Albert Chmielowski,http://www.wikidata.org/entity/Q2745,https://www.wikidata.org/wiki/Q924770,public domain
st-alberto-hurtado,St. Alberto Hurtado,Alberto Hurtado,label,Q554150,Santiago,-33.4375,-70.65,Society of Jesus,,http://commons.wikimedia.org/wiki/Special:FilePath/Padre%20Hurtado%20junto%20a%20j%C3%B3venes%20cat%C3%B3licos%20%28cropped%29.jpg,Alberto Hurtado,http://www.wikidata.org/entity/Q2826,https://www.wikidata.org/wiki/Q554150,needs review: CC BY-SA 3.0 cl
st-alexander-sauli,St. Alexander Sauli,Alexander Sauli,label,Q1341237,,,,Barnabites,,http://commons.wikimedia.org/wiki/Special:FilePath/Alexander%20Sauli2.jpg,Alexander Sauli,http://www.wikidata.org/entity/Q2927,https://www.wikidata.org/wiki/Q1341237,needs review: CC BY-SA 3.0
st-alfonso-maria-fusco,St. Alfonso Maria Fusco,Alfonso Maria Fusco,label,Q1440029,,,,,,http://commons.wikimedia.org/wiki/Special:FilePath/AlfonsoMariaFusco.jpg,Alfonso Maria Fusco,http://www.wikidata.org/entity/Q2320,https://www.wikidata.org/wiki/Q1440029,needs review: CC BY-SA 4.0
st-alfonso-rodriguez-olmedo,St. Alfonso Rodríguez Olmedo,Alfonso Rodríguez Olmedo,label,Q2597582,,,,Society of Jesus,,http://commons.wikimedia.org/wiki/Special:FilePath/Santuario%20de%20loyola.%20Detalle%20interior%205.JPG,,http://www.wikidata.org/entity/Q3029,https://www.wikidata.org/wiki/Q2597582,needs review: CC BY-SA 3.0
st-alonso-de-orozco,St. Alonso de Orozco,Alonso de Orozco,label,Q2056008,,,,Augustinians,,http://commons.wikimedia.org/wiki/Special:FilePath/Alonso%20de%20Orozco.jpg,Saint Alonso de Orozco,http://www.wikidata.org/entity/Q2896,https://www.wikidata.org/wiki/Q2056008,public domain
st-alphonsa-of-the-immaculate-conception,St. Alphonsa of the Immaculate Conception,Saint Alphonsa,label,Q464895,,,,Franciscans,,http://commons.wikimedia.org/wiki/Special:FilePath/Saint%20Alphonsa%201996%20stamp%20of%20India%20%28cropped%29.jpg,Saint Alphonsa,http://www.wikidata.org/entity/Q2718,https://www.wikidata.org/wiki/Q464895,needs review: GODL-India
st-amato-ronconi,St. Amato Ronconi,Amato Ronconi,label,Q17279025,,,,Franciscans,,http://commons.wikimedia.org/wiki/Special:FilePath/Sant%27Amato%20Ronconi.jpg,Amato Ronconi,http://www.wikidata.org/entity/Q2555,https://www.wikidata.org/wiki/Q17279025,public domain
st-andrew-bobola,St. Andrew Bobola,Andrzej Bobola,label,Q129674,Saint Andrew Bobola Sanctuary in Warsaw,52.2057,21.001,Society of Jesus,,http://commons.wikimedia.org/wiki/Special:FilePath/Bobola.jpg,Andrzej Bobola,http://www.wikidata.org/entity/Q2574,https://www.wikidata.org/wiki/Q129674,public domain
st-angela-of-foligno,St. Angela of Foligno,Angela of Foligno,label,Q240297,Umbria,42.983333333,12.566666666,Third Order of Saint Francis,,http://commons.wikimedia.org/wiki/Special:FilePath/Angela%20of%20Foligno%201.jpg,Angela of Foligno,http://www.wikidata.org/entity/Q2168,https://www.wikidata.org/wiki/Q240297,public domain
st-angela-of-the-cross,St. Angela of the Cross,Angela of the Cross,label,Q252055,,,,Sisters of the Cross,,http://commons.wikimedia.org/wiki/Special:FilePath/Santa%20%C3%81ngela%20de%20la%20Cruz%20-%20Bas%C3%ADlica%20de%20La%20Macarena%20-%20Seville.jpg,Angela of the Cross,http://www.wikidata.org/entity/Q2390,https://www.wikidata.org/wiki/Q252055,needs review: CC BY-SA 3.0
st-anna-schaffer,St. Anna Schäffer,Anna Schäffer,label,Q67028,Mindelstetten,48.85,11.65,Franciscans,,http://commons.wikimedia.org/wiki/Special:FilePath/Anna%20Sch%C3%A4ffer.jpg,Anna Schäffer,http://www.wikidata.org/entity/Q2930,https://www.wikidata.org/wiki/Q67028,public domain
st-anne-marie-rivier,St. Anne-Marie Rivier,Anne-Marie Rivier,label,Q2012602,,,,,,http://commons.wikimedia.org/wiki/Special:FilePath/Vitrail%20Marie%20Rivier.jpg,Marie Rivier,http://www.wikidata.org/entity/Q2315,https://www.wikidata.org/wiki/Q2012602,public domain
st-antonio-maria-gianelli,St. Antonio Maria Gianelli,Antonio Maria Gianelli,label,Q521405,,,,,,http://commons.wikimedia.org/wiki/Special:FilePath/Carro-santuario%20di%20Cerreta-statua%20Antonio%20Maria%20Gianelli%20%28cropped%29.jpg,Antonio Maria Gianelli,http://www.wikidata.org/entity/Q2616,https://www.wikidata.org/wiki/Q521405,needs review: CC BY-SA 3.0
st-antonio-maria-pucci,St. Antonio Maria Pucci,Antonio Maria Pucci,label,Q603294,,,,Servite Order,,http://commons.wikimedia.org/wiki/Special:FilePath/Sant%27Antonio%20Maria%20Pucci%20icona.jpg,Antonio Maria Pucci,http://www.wikidata.org/entity/Q2248,https://www.wikidata.org/wiki/Q603294,needs review: CC BY-SA 4.0
st-arcangelo-tadini,St. Arcangelo Tadini,Arcangelo Tadini,label,Q631642,,,,Franciscans,,http://commons.wikimedia.org/wiki/Special:FilePath/Beatificazione%20Arcangelo%20Tadini%20%28cropped%29.jpg,Arcangelo Tadini,http://www.wikidata.org/entity/Q2579,https://www.wikidata.org/wiki/Q631642,needs review: CC BY-SA 4.0
st-arnold-janssen,St. Arnold Janssen,Arnold Janssen,label,Q77406,,,,Divine Word Missionaries,,http://commons.wikimedia.org/wiki/Special:FilePath/Arnold%20Janssen.jpg,Arnold Janssen,http://www.wikidata.org/entity/Q2260,https://www.wikidata.org/wiki/Q77406,public domain
st-bartholomew-of-braga,St. Bartholomew of Braga,Bartholomew of Braga,label,Q2294614,Viana do Castelo,41.7,-8.833333333,Dominican Order,,http://commons.wikimedia.org/wiki/Special:FilePath/Aveiro%20March%202012-22a.jpg,Bartholomew of Braga,http://www.wikidata.org/entity/Q2731,https://www.wikidata.org/wiki/Q2294614,public domain
st-bartolo-longo,St. Bartolo Longo,Bartolo Longo,label,Q809485,,,,Dominican Order; Equestrian Order of the Holy Sepulchre; Third Order of Saint Dominic,,http://commons.wikimedia.org/wiki/Special:FilePath/Bartolo-Longo.jpg,Bartolo Longo,http://www.wikidata.org/entity/Q2930,https://www.wikidata.org/wiki/Q809485,public domain
st-bartolomea-capitanio,St. Bartolomea Capitanio,Bartolomea Capitanio,label,Q444050,,,,Secular Franciscan Order,Lovere; Sisters of Charity of Saints Bartolomea Capitanio and Vincenza Gerosa; teacher,http://commons.wikimedia.org/wiki/Special:FilePath/Bartholoma%20carpinato.jpg,Bartolomea Capitanio,http://www.wikidata.org/entity/Q2723,https://www.wikidata.org/wiki/Q444050,public domain
st-beatrice-of-silva,St. Beatrice of Silva,Beatrice of Silva,label,Q463534,Toledo Province,39.833333333,-4.0,Order of the Immaculate Conception,,http://commons.wikimedia.org/wiki/Special:FilePath/Santa%20Beatriz%20da%20Silva.jpg,Beatriz da Silva,http://www.wikidata.org/entity/Q2827,https://www.wikidata.org/wiki/Q463534,public domain
st-bede-the-venerable,St. Bede the Venerable,Bede,label,Q154938,Durham Cathedral,54.77347539,-1.576214961,Benedictines,,http://commons.wikimedia.org/wiki/Special:FilePath/Man%20writing%20Corpus%20Christi%20College%20Cambridge%20MS.%20389.jpg,Bede,http://www.wikidata.org/entity/Q2585,https://www.wikidata.org/wiki/Q154938,public domain
st-benedetta-cambiagio-frassinello,St. Benedetta Cambiagio Frassinello,Benedetta Cambiagio Frassinello,label,Q441046,,,,Ursulines,Benedictine Sisters of Providence; teacher,,,http://www.wikidata.org/entity/Q2433,https://www.wikidata.org/wiki/Q441046,
st-benedict-menni,St. Benedict Menni,Benito Menni,label,Q629205,,,,Brothers Hospitallers of St. John of God,,http://commons.wikimedia.org/wiki/Special:FilePath/Benedeto-menni.jpg,Benedict Menni,http://www.wikidata.org/entity/Q2529,https://www.wikidata.org/wiki/Q629205,public domain
st-benildus-romancon,St. Benildus Romançon,Benildus Romançon,label,Q1019464,Collégiale Saint-Médard de Saugues,44.9605,3.54739,Institute of the Brothers of the Christian Schools,,http://commons.wikimedia.org/wiki/Special:FilePath/B%C3%A9nilde%20image.jpg,Benildus Romançon,http://www.wikidata.org/entity/Q2776,https://www.wikidata.org/wiki/Q1019464,public domain
st-bernadette-soubirous,St. Bernadette Soubirous,Bernadette Soubirous,label,Q55398,Nièvre,47.083333333,3.5,Sisters of Charity of Nevers,,http://commons.wikimedia.org/wiki/Special:FilePath/Bernadette%20Soubirous.jpg,Bernadette Soubirous,http://www.wikidata.org/entity/Q2519,https://www.wikidata.org/wiki/Q55398,public domain
st-bernard-of-corleone,St. Bernard of Corleone,Bernard of Corleone,label,Q733329,Palermo,38.115658055,13.361261944,Order of Friars Minor; Order of Friars Minor Capuchin,,http://commons.wikimedia.org/wiki/Special:FilePath/Fortunat%20Bergant%20-%20Sv.%20Bernard%20Korleonski.jpg,Bernard of Corleone,http://www.wikidata.org/entity/Q2248,https://www.wikidata.org/wiki/Q733329,public domain
st-bernardino-realino,St. Bernardino Realino,Bernardino Realino,label,Q822928,,,,Society of Jesus,,http://commons.wikimedia.org/wiki/Special:FilePath/Portret%20van%20de%20jezu%C3%AFet%20Bernardin%20Realini%2C%20RP-P-1906-2102.jpg,Bernardino Realino,http://www.wikidata.org/entity/Q2697,https://www.wikidata.org/wiki/Q822928,public domain
st-bernardo-tolomei,St. Bernardo Tolomei,Bernardo Tolomei,label,Q731956,,,,Benedictines,,http://commons.wikimedia.org/wiki/Special:FilePath/TolomeiBernardo.jpg,Bernardo Tolomei,http://www.wikidata.org/entity/Q2824,https://www.wikidata.org/wiki/Q731956,public domain
st-berthold-of-garsten,St. Berthold of Garsten,Berthold of Garsten,label,Q85068,,,,Benedictines,,http://commons.wikimedia.org/wiki/Special:FilePath/Melk75.jpg,Berthold of Garsten,http://www.wikidata.org/entity/Q2719,https://www.wikidata.org/wiki/Q85068,needs review: CC BY 2.5
st-bonifacia-rodriguez-y-castro,St. Bonifacia Rodríguez y Castro,Beata Bonifacia Rodríguez de Castro,label,Q440142,,,,,,http://commons.wikimedia.org/wiki/Special:FilePath/Bonifaciarodriguez.jpg,Bonifacia Rodríguez Castro,http://www.wikidata.org/entity/Q2780,https://www.wikidata.org/wiki/Q440142,public domain
st-camilla-battista-da-varano,St. Camilla Battista da Varano,Camilla Battista da Varano,label,Q454976,Santa Chiara Monastery,43.139133,13.073023,Poor Clares,,http://commons.wikimedia.org/wiki/Special:FilePath/Stendardo%20Santa%20Camilla%20Battista%20da%20Varano.jpg,Camilla Battista da Varano,http://www.wikidata.org/entity/Q2624,https://www.wikidata.org/wiki/Q454976,needs review: CC BY-SA 4.0
st-candida-maria-of-jesus,St. Candida Maria of Jesus,Candida Maria of Jesus,label,Q289872,,,,,,http://commons.wikimedia.org/wiki/Special:FilePath/MadreCandida.jpg,Cándida María de Jesús,http://www.wikidata.org/entity/Q2782,https://www.wikidata.org/wiki/Q289872,public domain
st-carlo-acutis,St. Carlo Acutis,Carlo Acutis,label,Q2939142,Santa Maria Maggiore,43.06966,12.61447,,Internet; programmer; youth,http://commons.wikimedia.org/wiki/Special:FilePath/Covent%20Garden%2C%20Corpus%20Christi%20Catholic%20Church%2C%20Carlo%20Acutis%20memorial.jpg,Carlo Acutis,http://www.wikidata.org/entity/Q2920,https://www.wikidata.org/wiki/Q2939142,needs review: CC BY-SA 4.0
st-carmen-salles-y-barangueras,St. Carmen Salles y Barangueras,María del Monte Carmelo Sallés y Barangueras,label,Q440129,,,,,,http://commons.wikimedia.org/wiki/Special:FilePath/SaintMar%C3%ADadelCarmenSall%C3%A9sBarangueras.jpg,Carme Sallés i Barangueras,http://www.wikidata.org/entity/Q2720,https://www.wikidata.org/wiki/Q440129,public domain
st-carolina-santocanale,St. Carolina Santocanale,Carolina Santocanale,label,Q22019346,,,,Franciscans,,http://commons.wikimedia.org/wiki/Special:FilePath/Maria%20di%20Ges%C3%B9%20Santocanale.png,Carolina Santocanale,http://www.wikidata.org/entity/Q2284,https://www.wikidata.org/wiki/Q22019346,public domain
st-caterina-volpicelli,St. Caterina Volpicelli,Caterina Volpicelli,label,Q298254,,,,Franciscans,,,,http://www.wikidata.org/entity/Q2832,https://www.wikidata.org/wiki/Q298254,
st-catherine-laboure,St. Catherine Labouré,Catherine Labouré,label,Q242044,,,,Daughters of Charity of Saint Vincent de Paul,,http://commons.wikimedia.org/wiki/Special:FilePath/Bac.Catherine.Cercueil.jpg,Catherine Labouré,http://www.wikidata.org/entity/Q2912,https://www.wikidata.org/wiki/Q242044,public domain
st-catherine-thomas,St. Catherine Thomas,Catherine Thomas,"AMBIGUOUS 18: Q5052945,Q5052947,Q42769148,Q56184752",Q5052945,,,,,,http://commons.wikimedia.org/wiki/Special:FilePath/Catherine%20Thomas.jpg,,,https://www.wikidata.org/wiki/Q5052945,needs review: Attribution
st-cesar-de-bus,St. César de Bus,César de Bus,label,Q1150806,,,,priests of the Christian Doctrine,,http://commons.wikimedia.org/wiki/Special:FilePath/Anonymous%20-%20Portrait%20de%20C%C3%A9sar%20de%20Bus%20%281544-1607%29%2C%20fondateur%20de%20la%20congr%C3%A9gation%20des%20Fr%C3%A8res%20de%20la%20doctrine%20chr%C3%A9tienne%20-%20P2187%20-%20Mus%C3%A9e%20Carnavalet.jpg,César de Bus,http://www.wikidata.org/entity/Q2497,https://www.wikidata.org/wiki/Q1150806,public domain
st-charles-de-foucauld,St. Charles de Foucauld,Charles de Foucauld,label,Q51880,Tamanrasset,22.785,5.522777777,Order of Cistercians of the Strict Observance,,http://commons.wikimedia.org/wiki/Special:FilePath/Charles%20de%20Foucauld.jpg,Charles de Foucauld,http://www.wikidata.org/entity/Q2297,https://www.wikidata.org/wiki/Q51880,public domain
st-charles-of-mount-argus,St. Charles of Mount Argus,Charles of Mount Argus,label,Q1396004,"Church of St. Paul of the Cross, Harold's Cross",53.322086,-6.287545,Passionists,,http://commons.wikimedia.org/wiki/Special:FilePath/Houben.jpg,Karel Houben,http://www.wikidata.org/entity/Q2202,https://www.wikidata.org/wiki/Q1396004,public domain
st-charles-of-sezze,St. Charles of Sezze,Charles of Sezze,label,Q1733698,San Francesco a Ripa,41.885166,12.473147,Order of Friars Minor Capuchin,,http://commons.wikimedia.org/wiki/Special:FilePath/Antonio%20Sicurezza%20saint%20Charles%20from%20Sezze.jpg,Charles of Sezze,http://www.wikidata.org/entity/Q2221,https://www.wikidata.org/wiki/Q1733698,public domain
st-claude-de-la-colombiere,St. Claude de la Colombière,Claude de la Colombière,label,Q1097290,,,,Society of Jesus,,http://commons.wikimedia.org/wiki/Special:FilePath/ClaudedelaColombiere.jpg,Claude La Colombière,http://www.wikidata.org/entity/Q2334,https://www.wikidata.org/wiki/Q1097290,public domain
st-claudine-thevenet,St. Claudine Thévenet,Claudine Thévenet,label,Q459394,,,,,,http://commons.wikimedia.org/wiki/Special:FilePath/Saint%20Claudine%20Thevenet.jpg,Claudine Thévenet,http://www.wikidata.org/entity/Q2315,https://www.wikidata.org/wiki/Q459394,needs review: CC BY-SA 3.0
st-clelia-barbieri,St. Clelia Barbieri,Clelia Barbieri,label,Q455206,,,,,,http://commons.wikimedia.org/wiki/Special:FilePath/Clelia%20Barbieri.jpg,Clelia Barbieri,http://www.wikidata.org/entity/Q2687,https://www.wikidata.org/wiki/Q455206,public domain
st-clement-mary-hofbauer,St. Clement Mary Hofbauer,Clemens Maria Hofbauer,label,Q508588,Romantikerfriedhof Maria Enzersdorf,48.0937,16.2848,Congregation of the Most Holy Redeemer,,http://commons.wikimedia.org/wiki/Special:FilePath/Rinn%20-%20Clemens%20Maria%20Hofbauer.jpg,Klemens Maria Hofbauer,http://www.wikidata.org/entity/Q2403,https://www.wikidata.org/wiki/Q508588,public domain
st-columban,St. Columban,Columbanus,label,Q319653,Bobbio Abbey,44.7667,9.387,Q3454227,,http://commons.wikimedia.org/wiki/Special:FilePath/San%20Colombano.jpg,Saint Columbanus,http://www.wikidata.org/entity/Q3021,https://www.wikidata.org/wiki/Q319653,public domain
st-conrad-of-parzham,St. Conrad of Parzham,Conrad of Parzham,label,Q16785,,,,Order of Friars Minor Capuchin,,http://commons.wikimedia.org/wiki/Special:FilePath/Bad%20Endorf%20Antwort%20Wallfahrtskirche%20Mari%C3%A4%20Himmelfahrt%20Philipp-%20und%20Jakob-Altar%20Altarblatt%20Hl.%20Bruder%20Konrad%20Nahansicht%202017%2010%2007.jpg,Saint Conrad of Parzham,http://www.wikidata.org/entity/Q2525,https://www.wikidata.org/wiki/Q16785,needs review: CC BY-SA 3.0 de
st-crispin-of-viterbo,St. Crispin of Viterbo,Crispin of Viterbo,label,Q1140210,,,,Order of Friars Minor Capuchin,,http://commons.wikimedia.org/wiki/Special:FilePath/Fioretti2.jpg,Crispin of Viterbo,http://www.wikidata.org/entity/Q2578,https://www.wikidata.org/wiki/Q1140210,public domain
st-daniel-comboni,St. Daniel Comboni,Daniel Comboni,label,Q559236,,,,Comboni Missionaries of the Heart of Jesus,,http://commons.wikimedia.org/wiki/Special:FilePath/Daniele%20Comboni.jpg,Daniele Comboni,http://www.wikidata.org/entity/Q2921,https://www.wikidata.org/wiki/Q559236,public domain
st-devasahayam-pillai,St. Devasahayam Pillai,Devasahayam Pillai,label,Q378056,,,,,,http://commons.wikimedia.org/wiki/Special:FilePath/Devasahayam%20Pillai%202a.JPG,Devasahayam Pillai,http://www.wikidata.org/entity/Q2257,https://www.wikidata.org/wiki/Q378056,needs review: CC BY-SA 3.0
st-dominic-savio,St. Dominic Savio,Dominic Savio,label,Q318502,Basilica of Our Lady Help of Christians,45.0809,7.6759,Salesians of Don Bosco,,http://commons.wikimedia.org/wiki/Special:FilePath/Life%20of%20Dominic%20Savio%20%28page%206%20crop%29.jpg,Domenico Savio,http://www.wikidata.org/entity/Q2552,https://www.wikidata.org/wiki/Q318502,public domain
st-dorothea-of-montau,St. Dorothea of Montau,Dorothea of Montau,label,Q451373,,,,,,http://commons.wikimedia.org/wiki/Special:FilePath/Cela%20bl%20Doroty.jpg,Dorothea of Montau,http://www.wikidata.org/entity/Q2662,https://www.wikidata.org/wiki/Q451373,needs review: CC BY-SA 2.5
st-egidio-maria-of-saint-joseph,St. Egidio Maria of Saint Joseph,Egidio Maria of Saint Joseph,label,Q252945,,,,Franciscans,,http://commons.wikimedia.org/wiki/Special:FilePath/Sant%27Egidio%20Maria%20di%20San%20Giuseppe.JPG,Egidio Maria da Taranto,http://www.wikidata.org/entity/Q2322,https://www.wikidata.org/wiki/Q252945,public domain
st-elena-guerra,St. Elena Guerra,Elena Guerra,label,Q274550,,,,,,http://commons.wikimedia.org/wiki/Special:FilePath/Guerra%20Elena.png,Elena Guerra,http://www.wikidata.org/entity/Q2501,https://www.wikidata.org/wiki/Q274550,public domain
st-elizabeth-ann-seton,St. Elizabeth Ann Seton,Elizabeth Ann Seton,label,Q459032,Maryland,39.0,-76.7,Congregation of the Mission,,http://commons.wikimedia.org/wiki/Special:FilePath/Elizabeth%20Ann%20Seton%20portrait%20by%20Amabilia%20Filicchi%20%28cropped%29.jpg,Elizabeth Ann Seton,http://www.wikidata.org/entity/Q2168,https://www.wikidata.org/wiki/Q459032,public domain
st-elizabeth-of-the-trinity,St. Elizabeth of the Trinity,Elizabeth of the Trinity,label,Q260046,,,,Order of Discalced Nuns of the Blessed Virgin Mary of Mount Carmel,,http://commons.wikimedia.org/wiki/Special:FilePath/Portrait%20am%C3%A9ricain%20d%27Elisabeth%20de%20la%20Trinit%C3%A9.jpg,Élisabeth de La Trinité,http://www.wikidata.org/entity/Q2991,https://www.wikidata.org/wiki/Q260046,needs review: CC BY-SA 3.0
st-euphrasia-eluvathingal,St. Euphrasia Eluvathingal,Euphrasia Eluvathingal,label,Q2085614,,,,,,,Euphrasia Eluvathingal,http://www.wikidata.org/entity/Q2816,https://www.wikidata.org/wiki/Q2085614,
st-eustochia-smeralda-calafato,St. Eustochia Smeralda Calafato,Eustochia Smeralda Calafato,label,Q276019,,,,Poor Clares,Messina,http://commons.wikimedia.org/wiki/Special:FilePath/Eustochia%20smeraldo%20calafato.jpg,Eustochia Smeralda Calafato,http://www.wikidata.org/entity/Q2267,https://www.wikidata.org/wiki/Q276019,public domain
st-felix-of-nicosia,St. Felix of Nicosia,Felix of Nicosia,label,Q1355883,,,,Order of Friars Minor Capuchin,,http://commons.wikimedia.org/wiki/Special:FilePath/%D0%A4%D0%B8%D0%BB%D0%B8%D0%BF%D0%BF%20%D0%B8%D0%B7%20%D0%9D%D0%B8%D0%BA%D0%BE%D0%B7%D0%B8%D0%B8.jpg,Felix of Nicosia,http://www.wikidata.org/entity/Q2591,https://www.wikidata.org/wiki/Q1355883,public domain
st-filippo-smaldone,St. Filippo Smaldone,Filippo Smaldone,label,Q1414001,,,,,,http://commons.wikimedia.org/wiki/Special:FilePath/Filippo%20Smaldone%20-%20Priester%20und%20Ordensgr%C3%BCnder.jpg,Filippo Smaldone,http://www.wikidata.org/entity/Q2627,https://www.wikidata.org/wiki/Q1414001,public domain
st-frances-xavier-cabrini,St. Frances Xavier Cabrini,Frances Xavier Cabrini,label,Q238983,Manhattan,40.728333333,-73.994166666,Missionary Sisters of the Sacred Heart of Jesus,Lincoln Park; hospital administration; immigrant,http://commons.wikimedia.org/wiki/Special:FilePath/Francesca%20Cabrini.JPG,Francesca Cabrini,http://www.wikidata.org/entity/Q2984,https://www.wikidata.org/wiki/Q238983,public domain
st-francesco-maria-da-camporosso,St. Francesco Maria da Camporosso,Francis Mary of Camporosso,label,Q934434,,,,Order of Friars Minor Capuchin,,http://commons.wikimedia.org/wiki/Special:FilePath/Camporosso-statua%20san%20francesco%20maria.JPG,Francesco Maria da Camporosso,http://www.wikidata.org/entity/Q2894,https://www.wikidata.org/wiki/Q934434,needs review: CC BY-SA 3.0
st-francesco-spinelli,St. Francesco Spinelli,Francesco Spinelli,label,Q3750691,,,,,,http://commons.wikimedia.org/wiki/Special:FilePath/Francesco%20Spinelli%20%281853%E2%80%931913%29.png,Francesco Spinelli,http://www.wikidata.org/entity/Q2320,https://www.wikidata.org/wiki/Q3750691,public domain
st-francis-anthony-fasani,St. Francis Anthony Fasani,Francis Fasani,label,Q603217,Foggia,41.45845,15.55188,Conventual Franciscans,,http://commons.wikimedia.org/wiki/Special:FilePath/Sanfrancescofasani.jpg,Francis Fasani,http://www.wikidata.org/entity/Q3016,https://www.wikidata.org/wiki/Q603217,public domain
st-francisco-coll-guitart,St. Francisco Coll Guitart,Francisco Coll Guitar,label,Q1349477,,,,Dominican Order,,http://commons.wikimedia.org/wiki/Special:FilePath/FrColl2.jpg,Francisco Coll Guitart,http://www.wikidata.org/entity/Q2578,https://www.wikidata.org/wiki/Q1349477,public domain
st-francisco-marto,St. Francisco Marto,Francisco Marto,label,Q1442116,,,,,,http://commons.wikimedia.org/wiki/Special:FilePath/Retrato%20de%20S%C3%A3o%20Francisco%20Marto%20%E2%80%93%20cropped.jpg,Francisco Marto,http://www.wikidata.org/entity/Q2508,https://www.wikidata.org/wiki/Q1442116,public domain
st-francois-de-laval,St. François de Laval,François de Laval,label,Q607145,Notre-Dame Basilica-Cathedral,46.813851,-71.2066,,,http://commons.wikimedia.org/wiki/Special:FilePath/Lecompte%20-%20Monseigneur%20Fran%C3%A7ois%20de%20Laval%2C%201923%2C%20illust%20p001.png,François de Laval,http://www.wikidata.org/entity/Q2552,https://www.wikidata.org/wiki/Q607145,public domain
st-gabriel-possenti,St. Gabriel Possenti,Gabriel of Our Lady of Sorrows,label,Q374467,Sanctuary of Saint Gabriel of Our Lady of Sorrows,42.516944444,13.6575,Passionists,,http://commons.wikimedia.org/wiki/Special:FilePath/Gabriel%20of%20Our%20Lady%20of%20Sorrows.png,Gabriele dell'Addolorata,http://www.wikidata.org/entity/Q2361,https://www.wikidata.org/wiki/Q374467,public domain
st-gaetano-catanoso,St. Gaetano Catanoso,Gaetano Catanoso,label,Q967112,,,,,,http://commons.wikimedia.org/wiki/Special:FilePath/Catanoso.jpg,Gaetano Catanoso,http://www.wikidata.org/entity/Q2508,https://www.wikidata.org/wiki/Q967112,public domain
st-gaetano-errico,St. Gaetano Errico,Gaetano Errico,label,Q1366718,,,,,,http://commons.wikimedia.org/wiki/Special:FilePath/Cayetano%20ovalo.jpg,Gaetano Errico,http://www.wikidata.org/entity/Q2951,https://www.wikidata.org/wiki/Q1366718,needs review: CC BY-SA 4.0
st-gaspar-bertoni,St. Gaspar Bertoni,Gaspar Bertoni,label,Q634766,,,,,,http://commons.wikimedia.org/wiki/Special:FilePath/Bertoni%20II.jpg,Gaspar Bertoni,http://www.wikidata.org/entity/Q2619,https://www.wikidata.org/wiki/Q634766,public domain
st-gaspar-del-bufalo,St. Gaspar del Bufalo,Gaspar del Bufalo,label,Q641988,,,,,,http://commons.wikimedia.org/wiki/Special:FilePath/Gaspar1.jpg,Gaspare del Bufalo,http://www.wikidata.org/entity/Q2960,https://www.wikidata.org/wiki/Q641988,needs review: CC BY-SA 4.0
st-geltrude-comensoli,St. Geltrude Comensoli,Geltrude Comensoli,label,Q459561,,,,,,http://commons.wikimedia.org/wiki/Special:FilePath/Geltrude%20Comensoli%20-%20Ordensgr%C3%BCnderin.jpg,Geltrude Comensoli,http://www.wikidata.org/entity/Q2343,https://www.wikidata.org/wiki/Q459561,public domain
st-gemma-galgani,St. Gemma Galgani,Gemma Galgani,label,Q239122,,,,Passionists,,http://commons.wikimedia.org/wiki/Special:FilePath/La%20seraphique%20Gemma%20Galgani%20%28HS85-10-31647%29.jpg,Gemma Galgani,http://www.wikidata.org/entity/Q2501,https://www.wikidata.org/wiki/Q239122,public domain
st-genoveva-torres-morales,St. Genoveva Torres Morales,Genoveva Torres Morales,label,Q514923,Zaragoza,41.65,-0.883333333,Sisters of the Sacred Heart of Jesus and the Angels,,http://commons.wikimedia.org/wiki/Special:FilePath/Fiesta%20de%20Santa%20Genoveva%20Torres%20Morales%2002.jpg,Genoveva Torres Morales,http://www.wikidata.org/entity/Q2202,https://www.wikidata.org/wiki/Q514923,needs review: CC BY-SA 2.0
st-george-preca,St. George Preca,George Preca,label,Q607845,Blata l-Bajda,35.8875,14.498611111,Lay Carmelites,,http://commons.wikimedia.org/wiki/Special:FilePath/Statue%20of%20Saint%20George%20Preca%20at%20Montekristo%20Estates%2C%20Hal%20Farrug%2C%20Luqa%20%28cropped%29.jpeg,George Preca,http://www.wikidata.org/entity/Q2723,https://www.wikidata.org/wiki/Q607845,needs review: CC BY-SA 3.0
st-gerard-majella,St. Gerard Majella,Gerard Majella,label,Q562233,Sanctuary of San Gerardo Maiella,40.816111111,15.233333333,Congregation of the Most Holy Redeemer,,http://commons.wikimedia.org/wiki/Special:FilePath/San%20Gerardo%20Maiella.jpg,Gerard Majella,http://www.wikidata.org/entity/Q2963,https://www.wikidata.org/wiki/Q562233,public domain
st-gianna-beretta-molla,St. Gianna Beretta Molla,Gianna Beretta Molla,label,Q238963,cemetery of Mesero,45.5046,8.854,,,http://commons.wikimedia.org/wiki/Special:FilePath/GiannaBerettaMolla.jpg,Gianna Beretta Molla,http://www.wikidata.org/entity/Q2534,https://www.wikidata.org/wiki/Q238963,public domain
st-giovanni-antonio-farina,St. Giovanni Antonio Farina,Giovanni Antonio Farina,label,Q1525741,,,,,,http://commons.wikimedia.org/wiki/Special:FilePath/Giovanni-Antonio-Farina-photo.jpg,Giovanni Antonio Farina (bishop),http://www.wikidata.org/entity/Q2396,https://www.wikidata.org/wiki/Q1525741,public domain
st-giovanni-battista-piamarta,St. Giovanni Battista Piamarta,Giovanni Battista Piamarta,label,Q961526,,,,,,http://commons.wikimedia.org/wiki/Special:FilePath/Beato%20Piamarta.jpg,Giovanni Battista Piamarta,http://www.wikidata.org/entity/Q2531,https://www.wikidata.org/wiki/Q961526,public domain
st-giovanni-battista-scalabrini,St. Giovanni Battista Scalabrini,Giovanni Battista Scalabrini,label,Q1394839,,,,Q29858947,,http://commons.wikimedia.org/wiki/Special:FilePath/Giovanni%20Battista%20Scalabrini.jpg,Giovanni Battista Scalabrini,http://www.wikidata.org/entity/Q2625,https://www.wikidata.org/wiki/Q1394839,public domain
st-giovanni-leonardi,St. Giovanni Leonardi,Giovanni Leonardi,label,Q1355472,,,,,,http://commons.wikimedia.org/wiki/Special:FilePath/SaintJeanLeonardi.jpg,Saint Giovanni Leonardi,http://www.wikidata.org/entity/Q2923,https://www.wikidata.org/wiki/Q1355472,public domain
st-giulia-salzano,St. Giulia Salzano,Giulia Salzano,label,Q456574,,,,,,http://commons.wikimedia.org/wiki/Special:FilePath/Beata%20Giulia%20Salzano%20cropped.jpg,Giulia Salzano,http://www.wikidata.org/entity/Q2575,https://www.wikidata.org/wiki/Q456574,needs review: FAL
st-giuseppe-allamano,St. Giuseppe Allamano,Giuseppe Allamano,label,Q947376,,,,,,http://commons.wikimedia.org/wiki/Special:FilePath/Giuseppe%20Allamano.jpg,Giuseppe Allamano,http://www.wikidata.org/entity/Q2342,https://www.wikidata.org/wiki/Q947376,public domain
st-giuseppe-benedetto-cottolengo,St. Giuseppe Benedetto Cottolengo,Giuseppe Benedetto Cottolengo,label,Q723364,,,,Franciscans,,http://commons.wikimedia.org/wiki/Special:FilePath/Giuseppe%20Benedetto%20Cottolengo.jpg,Giuseppe Benedetto Cottolengo,http://www.wikidata.org/entity/Q2536,https://www.wikidata.org/wiki/Q723364,public domain
st-giuseppe-moscati,St. Giuseppe Moscati,Giuseppe Moscati,label,Q737786,Gesù Nuovo,40.84762222,14.25180278,,,http://commons.wikimedia.org/wiki/Special:FilePath/San%20Giuseppe%20Moscati.jpg,Giuseppe Moscati,http://www.wikidata.org/entity/Q2525,https://www.wikidata.org/wiki/Q737786,needs review: CC BY-SA 3.0
st-giuseppina-vannini,St. Giuseppina Vannini,Giuseppina Vannini,label,Q3771697,,,,Daughters of St. Camillus,,http://commons.wikimedia.org/wiki/Special:FilePath/GiuseppinaVannini.jpg,Giuseppina Vannini,http://www.wikidata.org/entity/Q2352,https://www.wikidata.org/wiki/Q3771697,public domain
st-giustino-russolillo,St. Giustino Russolillo,Justin Russolillo,label,Q2633551,,,,,,http://commons.wikimedia.org/wiki/Special:FilePath/San%20Giustino%20Russolillo%20di%20Licusati%20%28SA%29%20Italy.jpg,,http://www.wikidata.org/entity/Q2785,https://www.wikidata.org/wiki/Q2633551,needs review: CC BY-SA 4.0
st-gregorio-barbarigo,St. Gregorio Barbarigo,Gregorio Barbarigo,label,Q558136,Padua Cathedral,45.406388888,11.871666666,,,http://commons.wikimedia.org/wiki/Special:FilePath/Ermanno%20Stroiffi%20-%20Portrait%20of%20Gregorio%20Barbarigo.jpg,Gregorio Barbarigo,http://www.wikidata.org/entity/Q2670,https://www.wikidata.org/wiki/Q558136,public domain
st-guido-maria-conforti,St. Guido Maria Conforti,Guido Maria Conforti,label,Q204891,,,,Xaverian Missionaries,,http://commons.wikimedia.org/wiki/Special:FilePath/Guido%20Maria%20Conforti%20Vescovo.jpg,Guido Maria Conforti,http://www.wikidata.org/entity/Q2993,https://www.wikidata.org/wiki/Q204891,public domain
st-hemma-of-gurk,St. Hemma of Gurk,Hemma of Gurk,label,Q269074,Gurk Cathedral,46.875,14.2936,,Carinthia; Roman Catholic Diocese of Gurk; childbirth; eye disease; hangover,http://commons.wikimedia.org/wiki/Special:FilePath/Hemma%20von%20Gurk%20Bopp%201510.jpg,Hemma of Gurk,http://www.wikidata.org/entity/Q2664,https://www.wikidata.org/wiki/Q269074,public domain
st-hermann-joseph,St. Hermann Joseph,Hermann Joseph,label,Q460103,,,,Premonstratensians,,http://commons.wikimedia.org/wiki/Special:FilePath/Anton%20van%20Dyck%20-%20The%20Vision%20of%20the%20Blessed%20Hermann%20Joseph%20-%20Google%20Art%20Project.jpg,Hermann Joseph von Steinfeld,http://www.wikidata.org/entity/Q2584,https://www.wikidata.org/wiki/Q460103,public domain
st-humilis-of-bisignano,St. Humilis of Bisignano,Humilis of Bisignano,label,Q1318394,,,,Order of Friars Minor,,http://commons.wikimedia.org/wiki/Special:FilePath/Umile%20bisignano.jpg,Humilis of Bisignano,http://www.wikidata.org/entity/Q3018,https://www.wikidata.org/wiki/Q1318394,public domain
st-ignatius-maloyan,St. Ignatius Maloyan,Ignatius Maloyan,label,Q328238,,,,,,http://commons.wikimedia.org/wiki/Special:FilePath/Blessed%20Choukrallah%20Maloyan.jpg,Ignatius Maloyan,http://www.wikidata.org/entity/Q2617,https://www.wikidata.org/wiki/Q328238,public domain
st-ignatius-of-laconi,St. Ignatius of Laconi,Ignatius of Laconi,label,Q1395008,,,,Order of Friars Minor Capuchin,,http://commons.wikimedia.org/wiki/Special:FilePath/Ignazio%20da%20Laconi%201.1.png,Igniatius of Laconi,http://www.wikidata.org/entity/Q2558,https://www.wikidata.org/wiki/Q1395008,public domain
st-ignatius-of-santhia,St. Ignatius of Santhià,Ignatius of Santhià,label,Q1285674,,,,Order of Friars Minor Capuchin,,http://commons.wikimedia.org/wiki/Special:FilePath/Reliquie%20di%20Ignazio%20da%20Santhi%C3%A0.jpg,Saint Ignatius of Santhià,http://www.wikidata.org/entity/Q2889,https://www.wikidata.org/wiki/Q1285674,public domain
st-ignazia-verzeri,St. Ignazia Verzeri,Teresa Eustoquio Verzeri,label,Q456969,,,,Benedictines,,http://commons.wikimedia.org/wiki/Special:FilePath/Th%C3%A9r%C3%A8seVerzeri.jpg,Teresa Verzeri,http://www.wikidata.org/entity/Q2391,https://www.wikidata.org/wiki/Q456969,public domain
st-innocencio-of-mary-immaculate,St. Innocencio of Mary Immaculate,Innocencio of Mary Immaculate,label,Q1664272,,,,Passionists,,http://commons.wikimedia.org/wiki/Special:FilePath/San%20Inocencio%20de%20la%20Inmaculada%20Concepci%C3%B3n.jpg,Innocencio of Mary Immaculate,http://www.wikidata.org/entity/Q2923,https://www.wikidata.org/wiki/Q1664272,needs review: CC BY-SA 4.0
st-jacinta-marto,St. Jacinta Marto,Jacinta Marto,label,Q206278,Basilica of Our Lady of the Rosary,39.6321,-8.67179,,,http://commons.wikimedia.org/wiki/Special:FilePath/Jacinta%20Marto%20%28ChildrensofFatima%29.jpg,Jacinta Marto,http://www.wikidata.org/entity/Q2344,https://www.wikidata.org/wiki/Q206278,public domain
st-jacques-berthieu,St. Jacques Berthieu,Jacques Berthieu,label,Q659194,,,,Society of Jesus,,http://commons.wikimedia.org/wiki/Special:FilePath/Jacques%20Berthieu%20%281838-1896%29.jpg,,http://www.wikidata.org/entity/Q2621,https://www.wikidata.org/wiki/Q659194,public domain
st-jan-sarkander,St. Jan Sarkander,John Sarkander,label,Q590872,Saint Wenceslas Cathedral,49.59777778,17.2625,,,http://commons.wikimedia.org/wiki/Special:FilePath/Holy%20Trinity%20Column-John%20Sarkander.jpg,John Sarkander,http://www.wikidata.org/entity/Q2419,https://www.wikidata.org/wiki/Q590872,public domain
st-jean-gabriel-perboyre,St. Jean-Gabriel Perboyre,Jean-Gabriel Perboyre,label,Q778640,Chapelle Saint-Vincent-de-Paul de Paris,48.8489,2.32178,Congregation of the Mission,,http://commons.wikimedia.org/wiki/Special:FilePath/Statue%20perboyre.jpg,Jean-Gabriel Perboyre,http://www.wikidata.org/entity/Q2851,https://www.wikidata.org/wiki/Q778640,needs review: CC BY-SA 3.0
st-jeanne-delanoue,St. Jeanne Delanoue,Jeanne Delanoue,label,Q439670,,,,,,http://commons.wikimedia.org/wiki/Special:FilePath/Jeanne%20Delanoue.jpg,,http://www.wikidata.org/entity/Q2827,https://www.wikidata.org/wiki/Q439670,public domain
st-jeanne-jugan,St. Jeanne Jugan,Jeanne Jugan,label,Q261010,Brittany,48.0,-3.0,,,http://commons.wikimedia.org/wiki/Special:FilePath/Jeanne%20Jugan.jpg,Jeanne Jugan,http://www.wikidata.org/entity/Q2818,https://www.wikidata.org/wiki/Q261010,public domain
st-jeanne-de-france,St. Jeanne de France,Jeanne de France,"AMBIGUOUS 2: Q75767535,Q2434575",Q75767535,,,,,,,,,https://www.wikidata.org/wiki/Q75767535,
st-jeanne-de-lestonnac,St. Jeanne de Lestonnac,Jeanne de Lestonnac,label,Q288825,,,,,,http://commons.wikimedia.org/wiki/Special:FilePath/Saint%20Jeanne%20de%20Lestonnac.jpg,Jeanne de Lestonnac,http://www.wikidata.org/entity/Q2313,https://www.wikidata.org/wiki/Q288825,public domain
st-joan-of-arc,St. Joan of Arc,Joan of Arc,label,Q7226,Winchester Cathedral,51.060722,-1.313333,,,http://commons.wikimedia.org/wiki/Special:FilePath/Contemporaine%20afb%20jeanne%20d%20arc.png,Jeanne d'Arc,http://www.wikidata.org/entity/Q2590,https://www.wikidata.org/wiki/Q7226,public domain
st-john-damascene,St. John Damascene,John of Damascus,label,Q51884,,,,,,http://commons.wikimedia.org/wiki/Special:FilePath/Ioann%20Damaskin%20ikona.jpg,John of Damascus,http://www.wikidata.org/entity/Q2310,https://www.wikidata.org/wiki/Q51884,public domain
st-john-henry-newman,St. John Henry Newman,John Henry Newman,label,Q44490,West Midlands,52.47,-2.29,Oratory of Saint Philip Neri,,http://commons.wikimedia.org/wiki/Special:FilePath/Cardinal%20Newman%20Portrait%20%28cropped%29.jpg,John Henry Newman,http://www.wikidata.org/entity/Q2923,https://www.wikidata.org/wiki/Q44490,public domain
st-john-macias,St. John Macias,John Macias,label,Q1357489,,,,Dominican Order,,http://commons.wikimedia.org/wiki/Special:FilePath/San%20Juan%20Macias%20official%20side.jpg,Juan Macías,http://www.wikidata.org/entity/Q2897,https://www.wikidata.org/wiki/Q1357489,needs review: CC BY-SA 4.0
st-john-ogilvie,St. John Ogilvie,John Ogilvie,label,Q918414,,,,Society of Jesus,,http://commons.wikimedia.org/wiki/Special:FilePath/John%20Ogilvie%20martyr.jpg,John Ogilvie,http://www.wikidata.org/entity/Q2397,https://www.wikidata.org/wiki/Q918414,public domain
st-john-de-britto,St. John de Britto,John de Brito,label,Q730029,,,,Society of Jesus,,http://commons.wikimedia.org/wiki/Special:FilePath/St.%20John%20De%20Britto.jpg,John de Brito,http://www.wikidata.org/entity/Q2318,https://www.wikidata.org/wiki/Q730029,needs review: CC BY-SA 4.0
st-john-of-capistrano,St. John of Capistrano,John of Capistrano,label,Q310359,,,,Order of Friars Minor; Ordo Fratrum Minorum de Regularis Observantia,,http://commons.wikimedia.org/wiki/Special:FilePath/82Johannes%20von%20Capestrano.jpg,John of Capistrano,http://www.wikidata.org/entity/Q2958,https://www.wikidata.org/wiki/Q310359,public domain
st-john-of-dukla,St. John of Dukla,John of Dukla,label,Q59045,Bernardine Church and Monastery,49.83944444,24.03472222,Franciscans,,http://commons.wikimedia.org/wiki/Special:FilePath/Dukla%20-%20statue%20St.%20John%20of%20Dukla%20on%20the%20courtyard%20in%20front%20of%20the%20church%20of%20the%20Bernardine%20Fathers.jpg,Jan z Dukli,http://www.wikidata.org/entity/Q2882,https://www.wikidata.org/wiki/Q59045,needs review: CC BY 3.0
st-jose-maria-rubio,St. José María Rubio,José María Rubio,label,Q967400,Fourth professed house in Madrid,40.434491666,-3.686208333,Society of Jesus,,http://commons.wikimedia.org/wiki/Special:FilePath/Jos%C3%A9%20Rubio%20%281864-1929%29.jpg,José María Rubio,http://www.wikidata.org/entity/Q2545,https://www.wikidata.org/wiki/Q967400,public domain
st-jose-de-anchieta,St. José de Anchieta,José de Anchieta,"AMBIGUOUS 2: Q10310742,Q10308727",Q10310742,,,,,,,,,https://www.wikidata.org/wiki/Q10310742,
st-joseph-cafasso,St. Joseph Cafasso,Joseph Cafasso,label,Q1373633,Santuario della Consolata,45.0768,7.67911,Third Order of Saint Francis,,http://commons.wikimedia.org/wiki/Special:FilePath/Giuseppe%20Cafasso.jpg,Giuseppe Cafasso,http://www.wikidata.org/entity/Q2668,https://www.wikidata.org/wiki/Q1373633,public domain
st-joseph-freinademetz,St. Joseph Freinademetz,Joseph Freinademetz,label,Q45210,,,,Divine Word Missionaries,,http://commons.wikimedia.org/wiki/Special:FilePath/Josef%20Freinademetz%2002.jpg,Josef Freinademetz,http://www.wikidata.org/entity/Q2285,https://www.wikidata.org/wiki/Q45210,needs review: CC BY-SA 4.0
st-joseph-marello,St. Joseph Marello,Joseph Marello,label,Q1353091,,,,,,http://commons.wikimedia.org/wiki/Special:FilePath/San%20Giuseppe%20Marello.jpg,Giuseppe Marello,http://www.wikidata.org/entity/Q2590,https://www.wikidata.org/wiki/Q1353091,public domain
st-joseph-mary-pignatelli,St. Joseph Mary Pignatelli,Joseph Pignatelli,label,Q1352107,Church of the Gesù,41.895833333,12.479722222,Society of Jesus,,http://commons.wikimedia.org/wiki/Special:FilePath/Chiesa%20del%20gesu%20roma%20giuseppe%20pignatelli%20high.jpg,Joseph Pignatelli,http://www.wikidata.org/entity/Q3022,https://www.wikidata.org/wiki/Q1352107,public domain
st-joseph-oriol,St. Joseph Oriol,Joseph Oriol,label,Q1361225,,,,Oratory of Saint Philip Neri,,http://commons.wikimedia.org/wiki/Special:FilePath/Saint%20Joseph%20Oriol%20-%20Santa%20Maria%20del%20Pi%20-%20Barcelona%202014.JPG,Saint Joseph Oriol,http://www.wikidata.org/entity/Q2445,https://www.wikidata.org/wiki/Q1361225,needs review: CC BY-SA 3.0
st-joseph-vaz,St. Joseph Vaz,Joseph Vaz,label,Q1708131,,,,Oratory of Saint Philip Neri,,http://commons.wikimedia.org/wiki/Special:FilePath/Joze-Vaz.jpg,Joseph Vaz,http://www.wikidata.org/entity/Q2261,https://www.wikidata.org/wiki/Q1708131,public domain
st-jozef-bilczewski,St. Józef Bilczewski,Józef Bilczewski,label,Q31781,Latin Cathedral,49.840555555,24.030555555,,,http://commons.wikimedia.org/wiki/Special:FilePath/J%C3%B3zef%20Bilczewski.png,Józef Bilczewski,http://www.wikidata.org/entity/Q2427,https://www.wikidata.org/wiki/Q31781,public domain
st-jozef-sebastian-pelczar,St. Józef Sebastian Pelczar,Józef Sebastian Pelczar,label,Q680178,Cathedral of Przemyśl,49.780961,22.768209,,,http://commons.wikimedia.org/wiki/Special:FilePath/Pelczar.jpg,Józef Sebastian Pelczar,http://www.wikidata.org/entity/Q2458,https://www.wikidata.org/wiki/Q680178,public domain
st-juan-de-castillo,St. Juan de Castillo,Juan del Castillo,label,Q210328,Brazil,-14.0,-53.0,Society of Jesus,,http://commons.wikimedia.org/wiki/Special:FilePath/CastilloJuan.jpg,Juan de Castillo,http://www.wikidata.org/entity/Q3028,https://www.wikidata.org/wiki/Q210328,public domain
st-juan-de-ribera,St. Juan de Ribera,Juan de Ribera,label,Q1650331,Reial Col·legi Seminari de Corpus Christi,39.4725,-0.37333333,,,http://commons.wikimedia.org/wiki/Special:FilePath/Juan%20de%20Rivera.jpg,Juan de Ribera,http://www.wikidata.org/entity/Q2221,https://www.wikidata.org/wiki/Q1650331,public domain
st-julie-billiart,St. Julie Billiart,Julie Billiart,label,Q259718,,,,,,http://commons.wikimedia.org/wiki/Special:FilePath/St.%20Julie%20Billiart.jpg,Julie Billiart,http://www.wikidata.org/entity/Q2503,https://www.wikidata.org/wiki/Q259718,public domain
st-justin-de-jacobis,St. Justin de Jacobis,Justin de Jacobis,label,Q475636,,,,Congregation of the Mission,,http://commons.wikimedia.org/wiki/Special:FilePath/San%20Justino%20de%20Jacobis.jpg,Giustino de Jacobis,http://www.wikidata.org/entity/Q2715,https://www.wikidata.org/wiki/Q475636,public domain
st-kinga,St. Kinga,Cunigunde of Luxembourg,label,Q61620,Bamberg Cathedral,49.890703,10.882533,Benedictines,,http://commons.wikimedia.org/wiki/Special:FilePath/Kunigunde.png,Cunigunde of Luxembourg,http://www.wikidata.org/entity/Q2687,https://www.wikidata.org/wiki/Q61620,needs review: CC BY-SA 3.0
st-kuriakose-elias-chavara,St. Kuriakose Elias Chavara,Saint Kuriakose Elias Chavara,label,Q786319,,,,Carmelites,,http://commons.wikimedia.org/wiki/Special:FilePath/Kuriakose%20Chavara%20und%20Hl.%20Familie.jpg,Kuriakose Elias Chavara,http://www.wikidata.org/entity/Q2156,https://www.wikidata.org/wiki/Q786319,public domain
st-lawrence-ruiz,St. Lawrence Ruiz,Lorenzo Ruiz,label,Q369793,,,,,,http://commons.wikimedia.org/wiki/Special:FilePath/0237jfSan%20Lorenzo%20Ruiz%20Parish%20Church%20Diocese%20Pampangafvf%2035%20%28cropped%29.JPG,Lorenzo Ruiz,http://www.wikidata.org/entity/Q2883,https://www.wikidata.org/wiki/Q369793,public domain
st-lazarus,St. Lazarus,Lazarus,"AMBIGUOUS 3: Q3828269,Q539890,Q21282948",Q3828269,,,,,,http://commons.wikimedia.org/wiki/Special:FilePath/Lazarus%20bishop%20of%20Milan.JPG,Lazarus (bishop of Milan),http://www.wikidata.org/entity/Q2404,https://www.wikidata.org/wiki/Q3828269,needs review: CC BY-SA 3.0
st-leonardo-murialdo,St. Leonardo Murialdo,Leonardo Murialdo,label,Q952648,,,,,,http://commons.wikimedia.org/wiki/Special:FilePath/LMurialdo.jpg,Leonardo Murialdo,http://www.wikidata.org/entity/Q2460,https://www.wikidata.org/wiki/Q952648,public domain
st-leonie-aviat,St. Leonie Aviat,Leonie Aviat,label,Q437723,,,,Oblates of St. Francis de Sales,,http://commons.wikimedia.org/wiki/Special:FilePath/Mother%20Fran%C3%A7oise%20de%20Sales%20Aviat.jpg,Léonie Aviat,http://www.wikidata.org/entity/Q2243,https://www.wikidata.org/wiki/Q437723,public domain
st-leopold-mandic,St. Leopold Mandić,Leopold Mandić,label,Q733433,Santuario di San Leopoldo Mandić,45.39294,11.870063,Order of Friars Minor Capuchin,,http://commons.wikimedia.org/wiki/Special:FilePath/San%20Leopoldo%20Mandic.jpg,Leopold Mandić,http://www.wikidata.org/entity/Q2716,https://www.wikidata.org/wiki/Q733433,public domain
st-lodovico-pavoni,St. Lodovico Pavoni,Lodovico Pavoni,label,Q183194,,,,Sons of Mary Immaculate,,http://commons.wikimedia.org/wiki/Special:FilePath/Santino%20Pavoni%201921.jpg,Lodovico Pavoni,http://www.wikidata.org/entity/Q2510,https://www.wikidata.org/wiki/Q183194,public domain
st-louis-martin,St. Louis Martin,Louis Martin,label,Q13107341,,,,Carmelites,,http://commons.wikimedia.org/wiki/Special:FilePath/Louis%20Martin-edt.jpg,Zélie and Louis Martin,http://www.wikidata.org/entity/Q2688,https://www.wikidata.org/wiki/Q13107341,public domain
st-louise-de-marillac,St. Louise de Marillac,Nayanka Bell,label-nostatus,Q3337358,,,,,,http://commons.wikimedia.org/wiki/Special:FilePath/Nayanka%20Bell.jpg,Nayanka Bell,,https://www.wikidata.org/wiki/Q3337358,needs review: CC BY 4.0
st-luca-antonio-falcone,St. Luca Antonio Falcone,Angelo d'Acri,label,Q2849312,basilica de Sant'Angelo d'Acri,39.48666667,16.385,Order of Friars Minor; Order of Friars Minor Capuchin,,http://commons.wikimedia.org/wiki/Special:FilePath/Angelo%20d%27Acri%20%28cropped%29.jpg,Angelo d'Acri,http://www.wikidata.org/entity/Q2950,https://www.wikidata.org/wiki/Q2849312,public domain
st-lucy-filippini,St. Lucy Filippini,Lucy Filippini,label,Q450999,Montefiascone Cathedral,42.5366,12.0303,,,http://commons.wikimedia.org/wiki/Special:FilePath/Lucia%20filippini.jpg,Lucy Filippini,http://www.wikidata.org/entity/Q2454,https://www.wikidata.org/wiki/Q450999,public domain
st-ludovico-of-casoria,St. Ludovico of Casoria,Ludovico of Casoria,label,Q2675665,,,,Franciscans,,http://commons.wikimedia.org/wiki/Special:FilePath/Ludovico%20da%20Casoria.jpg,Ludovico of Casoria,http://www.wikidata.org/entity/Q2460,https://www.wikidata.org/wiki/Q2675665,needs review: CC BY-SA 4.0
st-luigi-guanella,St. Luigi Guanella,Luigi Guanella,label,Q1876202,,,,Franciscans,,http://commons.wikimedia.org/wiki/Special:FilePath/Guanella6.jpg,Luigi Guanella,http://www.wikidata.org/entity/Q2955,https://www.wikidata.org/wiki/Q1876202,public domain
st-luigi-maria-palazzolo,St. Luigi Maria Palazzolo,Aloisius Palazzolo,label,Q2650537,,,,,,http://commons.wikimedia.org/wiki/Special:FilePath/Luigi%20Palazzolo.png,Luigi Maria Palazzolo,http://www.wikidata.org/entity/Q2613,https://www.wikidata.org/wiki/Q2650537,public domain
st-luigi-orione,St. Luigi Orione,Luigi Orione,label,Q548214,Shrine of Nostra Signora della Guardia,44.88804,8.85915,,,http://commons.wikimedia.org/wiki/Special:FilePath/Cara%20Don%20Orione.jpg,Luigi Orione,http://www.wikidata.org/entity/Q2574,https://www.wikidata.org/wiki/Q548214,public domain
st-luigi-scrosoppi,St. Luigi Scrosoppi,Aloisius Scrosoppi,label,Q114492,,,,Oratory of Saint Philip Neri,,http://commons.wikimedia.org/wiki/Special:FilePath/LuigiScrosoppi.jpg,Luigi Scrosoppi,http://www.wikidata.org/entity/Q2509,https://www.wikidata.org/wiki/Q114492,needs review: CC BY-SA 3.0
st-madeleine-sophie-barat,St. Madeleine Sophie Barat,Madeleine Sophie Barat,label,Q463905,,,,Society of the Sacred Heart,,http://commons.wikimedia.org/wiki/Special:FilePath/Barat-Pere.jpg,Madeleine-Sophie Barat,http://www.wikidata.org/entity/Q2585,https://www.wikidata.org/wiki/Q463905,public domain
st-magdalene-of-canossa,St. Magdalene of Canossa,Magdalene of Canossa,label,Q288887,,,,,,http://commons.wikimedia.org/wiki/Special:FilePath/Madeleine%20de%20canossa.jpg,Magdalene of Canossa,http://www.wikidata.org/entity/Q2502,https://www.wikidata.org/wiki/Q288887,public domain
st-manuel-gonzalez-garcia,St. Manuel González García,Manuel González García,label,Q2012633,Palencia Cathedral,42.01111111,-4.53694444,,,http://commons.wikimedia.org/wiki/Special:FilePath/ManuelGonzalezobispo.jpg,Manuel González y García,http://www.wikidata.org/entity/Q2168,https://www.wikidata.org/wiki/Q2012633,public domain
st-manuel-miguez-gonzalez,St. Manuel Míguez González,Faustino Míguez González,label,Q3740324,,,,Piarists,,http://commons.wikimedia.org/wiki/Special:FilePath/FAUSTINOMiguez.jpg,Faustino Míguez,http://www.wikidata.org/entity/Q2324,https://www.wikidata.org/wiki/Q3740324,public domain
st-marcellin-champagnat,St. Marcellin Champagnat,Marcellin Champagnat,label,Q559806,,,,Marist Brothers; Society of Mary,,http://commons.wikimedia.org/wiki/Special:FilePath/MarcelinoChampagnatLimache.jpg,Marcellin Champagnat,http://www.wikidata.org/entity/Q2579,https://www.wikidata.org/wiki/Q559806,needs review: CC BY-SA 4.0
st-margaret-of-hungary,St. Margaret of Hungary,Margaret of Hungary,label,Q232031,,,,Nuns of the Order of Preachers,,http://commons.wikimedia.org/wiki/Special:FilePath/Arpadhazi%20szent%20margit.jpg,Saint Margaret of Hungary,http://www.wikidata.org/entity/Q2265,https://www.wikidata.org/wiki/Q232031,public domain
st-marguerite-bays,St. Marguerite Bays,Marguerite Bays,label,Q3290670,,,,Third Order of Saint Francis,,http://commons.wikimedia.org/wiki/Special:FilePath/Marguerite%20Bays.jpg,Marguerite Bays,http://www.wikidata.org/entity/Q2664,https://www.wikidata.org/wiki/Q3290670,public domain
st-marguerite-bourgeoys,St. Marguerite Bourgeoys,Marguerite Bourgeoys,label,Q263327,"Chapel of Our Lady of Help, Montreal",45.509825,-73.551073,,,http://commons.wikimedia.org/wiki/Special:FilePath/Bourgeoys.jpg,Marguerite Bourgeoys,http://www.wikidata.org/entity/Q2248,https://www.wikidata.org/wiki/Q263327,public domain
st-maria-antonia-de-paz-y-figueroa,St. María Antonia de Paz y Figueroa,María Antonia de Paz y Figueroa,label,Q6003369,Our Lady of Mercy Church,-34.605388,-58.37206,Daughters of the Divine Saviour (El Salvador); Society of Jesus,,http://commons.wikimedia.org/wiki/Special:FilePath/Mar%C3%ADa%20Antonia%20de%20Paz%20y%20Figueroa.png,María Antonia de Paz y Figueroa,http://www.wikidata.org/entity/Q2394,https://www.wikidata.org/wiki/Q6003369,public domain
st-maria-bernarda-butler,St. Maria Bernarda Bütler,Maria Bernarda Bütler,label,Q115543,,,,Franciscans,,http://commons.wikimedia.org/wiki/Special:FilePath/Verena%20Bernarda%20Buetler2.jpg,Maria Bernarda Bütler,http://www.wikidata.org/entity/Q2578,https://www.wikidata.org/wiki/Q115543,public domain
st-maria-bertilla-boscardin,St. Maria Bertilla Boscardin,Maria Bertilla Boscardin,label,Q461646,,,,,,http://commons.wikimedia.org/wiki/Special:FilePath/Statua%20Santa%20Bertilla%20%28cropped%29.JPG,Maria Bertilla Boscardin,http://www.wikidata.org/entity/Q2959,https://www.wikidata.org/wiki/Q461646,needs review: CC BY-SA 4.0
st-maria-crescentia-hoss,St. Maria Crescentia Höss,Maria Crescentia Höss,label,Q70504,,,,Franciscans,,http://commons.wikimedia.org/wiki/Special:FilePath/Crescentiah%C3%B6ss.jpg,Crescentia Höss,http://www.wikidata.org/entity/Q2507,https://www.wikidata.org/wiki/Q70504,public domain
st-maria-cristina-of-the-immaculate-conception,St. Maria Cristina of the Immaculate Conception,Maria Cristina Brando,label,Q3847227,,,,Sisters Expiatory Victims of Jesus in the Blessed Sacrament; Soeurs du Saint-Sacrement et Notre-Dame,,http://commons.wikimedia.org/wiki/Special:FilePath/Maria%20Cristina%20Brando.jpg,Maria Cristina Brando,http://www.wikidata.org/entity/Q2267,https://www.wikidata.org/wiki/Q3847227,public domain
st-maria-de-mattias,St. Maria De Mattias,Maria De Mattias,label,Q290866,,,,Adorers of the Blood of Christ,,http://commons.wikimedia.org/wiki/Special:FilePath/Santa%20Mar%C3%ADa%20de%20Mattia.jpg,Maria de Mattias,http://www.wikidata.org/entity/Q2824,https://www.wikidata.org/wiki/Q290866,needs review: CC BY-SA 4.0
st-maria-domenica-mantovani,St. Maria Domenica Mantovani,Maria Domenica Mantovani,label,Q3847250,,,,,,http://commons.wikimedia.org/wiki/Special:FilePath/Maria%20Domenica%20Mantovani.jpg,Maria Domenica Mantovani,http://www.wikidata.org/entity/Q2313,https://www.wikidata.org/wiki/Q3847250,public domain
st-maria-elizabeth-hesselblad,St. Maria Elizabeth Hesselblad,Elisabeth Hesselblad,label,Q435384,,,,Bridgettines,,http://commons.wikimedia.org/wiki/Special:FilePath/Elisabeth%20Hesselblad.jpg,Elisabeth Hesselblad,http://www.wikidata.org/entity/Q2529,https://www.wikidata.org/wiki/Q435384,public domain
st-maria-guadalupe-garcia-zavala,St. María Guadalupe García Zavala,María Guadalupe García Zavala,label,Q3850607,,,,,,http://commons.wikimedia.org/wiki/Special:FilePath/Mar%C3%ADa%20Lupita%20Garc%C3%ADa%20Zavala%20%281946%29.png,María Lupita García Zavala,http://www.wikidata.org/entity/Q2665,https://www.wikidata.org/wiki/Q3850607,public domain
st-maria-josefa-sancho-de-guerra,St. María Josefa Sancho de Guerra,Maria Josepha vom Herzen Jesu Sancho de Guerra,label,Q1896004,,,,,,http://commons.wikimedia.org/wiki/Special:FilePath/MSanchodeGuerra.jpg,María Josefa Sancho,http://www.wikidata.org/entity/Q2427,https://www.wikidata.org/wiki/Q1896004,public domain
st-maria-katharina-kasper,St. Maria Katharina Kasper,Maria Katharina Kasper,label,Q108332,,,,,,http://commons.wikimedia.org/wiki/Special:FilePath/Katharina%20Kasper%20%281820%20-%201898%29.jpg,Maria Katharina Kasper,http://www.wikidata.org/entity/Q2313,https://www.wikidata.org/wiki/Q108332,public domain
st-maria-natividad-venegas-de-la-torre,St. María Natividad Venegas de la Torre,Saint María of Jesus in the Blessed Sacrament,label,Q511409,,,,Franciscans,,http://commons.wikimedia.org/wiki/Special:FilePath/Maria%20de%20Jesus%20Sacramentado%20Venegas%20de%20la%20Torre.jpg,,http://www.wikidata.org/entity/Q2716,https://www.wikidata.org/wiki/Q511409,public domain
st-maria-troncatti,St. Maria Troncatti,Maria Troncatti,label,Q11769202,,,,Salesians of Don Bosco,,,,http://www.wikidata.org/entity/Q2819,https://www.wikidata.org/wiki/Q11769202,
st-maria-de-la-purisima-salvat-romero,St. María de la Purísima Salvat Romero,María de la Purísima de la Cruz,label,Q523459,,,,Sisters of the Cross,,http://commons.wikimedia.org/wiki/Special:FilePath/Acci%C3%B3n%20de%20Gracias%20Canonizaci%C3%B3n%20de%20Santa%20Mar%C3%ADa%20de%20la%20Pur%C3%ADsima%20de%20la%20Cruz%2001.jpg,María de la Purísima,http://www.wikidata.org/entity/Q2893,https://www.wikidata.org/wiki/Q523459,needs review: CC BY-SA 2.0
st-mariam-baouardy,St. Mariam Baouardy,Mariam Baouardy,label,Q451590,,,,Order of Discalced Nuns of the Blessed Virgin Mary of Mount Carmel,,http://commons.wikimedia.org/wiki/Special:FilePath/L%20srmariam.jpg,Mariam Baouardy,http://www.wikidata.org/entity/Q2820,https://www.wikidata.org/wiki/Q451590,public domain
st-mariana-de-jesus-de-paredes,St. Mariana de Jesús de Paredes,Mariana de Jesús de Paredes,label,Q455299,,,,Third Order of Saint Francis,,http://commons.wikimedia.org/wiki/Special:FilePath/Retrato%20de%20Mariana%20de%20Jes%C3%BAs.jpg,Mariana de Jesús de Paredes,http://www.wikidata.org/entity/Q2586,https://www.wikidata.org/wiki/Q455299,public domain
st-marianne-cope,St. Marianne Cope,Marianne Cope,label,Q76680,Cathedral Basilica of Our Lady of Peace,21.31075,-157.859416666,Sisters of the Third Franciscan Order,,http://commons.wikimedia.org/wiki/Special:FilePath/Mother%20Marianne%20Cope%20in%20her%20youth.jpg,Marianne Cope,http://www.wikidata.org/entity/Q2276,https://www.wikidata.org/wiki/Q76680,public domain
st-marie-of-the-incarnation,St. Marie of the Incarnation,Marie Guyart,"AMBIGUOUS 2: Q449835,Q435776",Q449835,Ursuline Chapel,46.8121875,-71.2078125,Ursulines,,http://commons.wikimedia.org/wiki/Special:FilePath/Portrait%20de%20M%C3%A8re%20Marie%20de%20l%27Incarnation.jpg,Marie de l'Incarnation,http://www.wikidata.org/entity/Q2536,https://www.wikidata.org/wiki/Q449835,public domain
st-marie-alphonsine-danil-ghattas,St. Marie-Alphonsine Danil Ghattas,Marie-Alphonsine Danil Ghattas,label,Q444239,,,,Dominican Order,,http://commons.wikimedia.org/wiki/Special:FilePath/Marie-Alphonsine-Danil-Ghattas.jpg,Marie-Alphonsine Danil Ghattas,http://www.wikidata.org/entity/Q2454,https://www.wikidata.org/wiki/Q444239,needs review: CC BY-SA 4.0
st-marie-azelie-guerin-martin,St. Marie-Azélie Guérin Martin,Azélie-Marie Guérin Martin,label,Q2180087,,,,Order of the Brothers Discalced of the Blessed Virgin Mary of Mount Carmel,,http://commons.wikimedia.org/wiki/Special:FilePath/Z%C3%A9lie%20Martin%201.jpg,,http://www.wikidata.org/entity/Q2817,https://www.wikidata.org/wiki/Q2180087,public domain
st-marie-eugenie-de-jesus,St. Marie-Eugénie de Jésus,Marie-Eugénie de Jésus,label,Q269780,,,,Religious of the Assumption,,http://commons.wikimedia.org/wiki/Special:FilePath/Marie%20Eug%C3%A9nie%20de%20J%C3%A9sus%20Milleret%20de%20Brou.jpg,Marie-Eugénie de Jésus,http://www.wikidata.org/entity/Q2397,https://www.wikidata.org/wiki/Q269780,public domain
st-marie-leonie-paradis,St. Marie-Léonie Paradis,Marie-Léonie Paradis,label,Q3292109,"Cathedral Basilica of St Michael, Sherbrooke",45.4025,-71.893055555,Little Sisters of the Holy Family (Sherbrooke),,http://commons.wikimedia.org/wiki/Special:FilePath/Marie-L%C3%A9onie%20Paradis%2C%201872.jpg,Marie-Léonie Paradis,http://www.wikidata.org/entity/Q2549,https://www.wikidata.org/wiki/Q3292109,public domain
st-marie-madeleine-postel,St. Marie-Madeleine Postel,Marie-Madeleine Postel,label,Q456249,,,,Sisters of St. Marie Madeleine Postel; Third Order of Saint Francis,,http://commons.wikimedia.org/wiki/Special:FilePath/Portrait%2C%20St.%20Marie%20Madeleine%20Postel%2C%20Sisters%20of%20Christian%20Schools%20of%20Mercy.jpg,Marie-Madeleine Postel,http://www.wikidata.org/entity/Q2731,https://www.wikidata.org/wiki/Q456249,public domain
st-marie-marguerite-d-youville,St. Marie-Marguerite d'Youville,Marguerite d'Youville,label,Q288990,Basilica of St Ann of Varennes,45.683333333,-73.441666666,,,http://commons.wikimedia.org/wiki/Special:FilePath/James%20Duncan%20Marguerite%20d%20Youville.jpg,Marguerite d'Youville,http://www.wikidata.org/entity/Q2963,https://www.wikidata.org/wiki/Q288990,public domain
st-marko-krizin,St. Marko Krizin,Marko Krizin,label,Q1048336,Church of Saint Anne,48.378202777,17.588372222,Benedictines,,http://commons.wikimedia.org/wiki/Special:FilePath/Sveti%20Marko%20Kri%C5%BEev%C4%8Danin.JPG,Marko Križevčanin,http://www.wikidata.org/entity/Q2852,https://www.wikidata.org/wiki/Q1048336,needs review: CC BY-SA 3.0
st-mary-euphrasia-pelletier,St. Mary Euphrasia Pelletier,Mary Euphrasia Pelletier,label,Q276608,,,,,,http://commons.wikimedia.org/wiki/Special:FilePath/Mary%20Euphrasia%20Pelletier.jpg,Marie-Euphrasie Pelletier,http://www.wikidata.org/entity/Q2529,https://www.wikidata.org/wiki/Q276608,public domain
st-mary-mackillop,St. Mary MacKillop,Mary MacKillop,label,Q275976,,,,Sisters of St. Joseph of the Sacred Heart,,http://commons.wikimedia.org/wiki/Special:FilePath/Mary%20mackillop.jpg,Mary MacKillop,http://www.wikidata.org/entity/Q2780,https://www.wikidata.org/wiki/Q275976,public domain
st-maximus-the-confessor,St. Maximus the Confessor,Maximus the Confessor,label,Q206842,,,,,,http://commons.wikimedia.org/wiki/Special:FilePath/Maksim%20ispovednik.jpg,Maximus Confessor,http://www.wikidata.org/entity/Q2776,https://www.wikidata.org/wiki/Q206842,public domain
st-meinhard,St. Meinhard,Saint Meinhard,label,Q697892,,,,Augustinians,,,Saint Meinhard,http://www.wikidata.org/entity/Q2927,https://www.wikidata.org/wiki/Q697892,
st-melchior-grodziecki,St. Melchior Grodziecki,Melchior Grodziecki,label,Q927698,,,,Society of Jesus,,http://commons.wikimedia.org/wiki/Special:FilePath/SvatyMelicharGrodecki.jpg,Melchior Grodziecki,http://www.wikidata.org/entity/Q2852,https://www.wikidata.org/wiki/Q927698,needs review: CC BY-SA 3.0
st-miguel-febres-cordero,St. Miguel Febres Cordero,Miguel Febres Cordero,label,Q1358473,Barr,48.408055555,7.449722222,Institute of the Brothers of the Christian Schools,,http://commons.wikimedia.org/wiki/Special:FilePath/Febrescordero.jpg,,http://www.wikidata.org/entity/Q12966185,https://www.wikidata.org/wiki/Q1358473,public domain
st-mutien-marie-wiaux,St. Mutien-Marie Wiaux,Mutien-Marie Wiaux,label,Q526436,,,,Institute of the Brothers of the Christian Schools,,http://commons.wikimedia.org/wiki/Special:FilePath/Mutien-Marie.jpg,Mutien-Marie Wiaux,http://www.wikidata.org/entity/Q2287,https://www.wikidata.org/wiki/Q526436,public domain
st-narcisa-de-jesus,St. Narcisa de Jesús,Narcisa de Jesús,label,Q262832,,,,Dominican Order,,http://commons.wikimedia.org/wiki/Special:FilePath/Narcisa.jpg,Saint Narcisa de Jesús,http://www.wikidata.org/entity/Q2301,https://www.wikidata.org/wiki/Q262832,public domain
st-nazaria-ignacia-march-mesa,St. Nazaria Ignacia March Mesa,Nazaria Ignacia,label,Q2074078,,,,,,http://commons.wikimedia.org/wiki/Special:FilePath/Nazaria.jpg,Saint Nazaria of Saint Teresa,http://www.wikidata.org/entity/Q2695,https://www.wikidata.org/wiki/Q2074078,needs review: CC BY-SA 3.0
st-nicholas-of-flue,St. Nicholas of Flüe,Nicholas of Flüe,label,Q115550,Sachseln,46.867777777,8.238611111,,,http://commons.wikimedia.org/wiki/Special:FilePath/Nicholas-Flue.jpg,Nicholas of Flüe,http://www.wikidata.org/entity/Q2886,https://www.wikidata.org/wiki/Q115550,public domain
st-nicola-saggio,St. Nicola Saggio,Nicola Saggio,label,Q3876344,,,,Order of the Minims,,http://commons.wikimedia.org/wiki/Special:FilePath/San%20Nicola%20Saggio%20da%20Longobardi%20%28cropped%29.JPG,Nicola Saggio,http://www.wikidata.org/entity/Q2313,https://www.wikidata.org/wiki/Q3876344,needs review: CC BY-SA 4.0
st-nimatullah-kassab-al-hardini,St. Nimatullah Kassab Al-Hardini,Nimattullah Kassab,label,Q379262,,,,,,http://commons.wikimedia.org/wiki/Special:FilePath/Hardini.jpg,Maronite Catholic Church,http://www.wikidata.org/entity/Q2382,https://www.wikidata.org/wiki/Q379262,public domain
st-nuno-alvares-pereira,St. Nuno Álvares Pereira,Nuno Álvares Pereira,label,Q374056,Igreja do Santo Condestável,38.715285,-9.166978,Carmelites,,http://commons.wikimedia.org/wiki/Special:FilePath/S%C3%A3o%20nun%27alvares%20pereira.jpg,Nuno Álvares Pereira,http://www.wikidata.org/entity/Q2997,https://www.wikidata.org/wiki/Q374056,public domain
st-nunzio-sulprizio,St. Nunzio Sulprizio,Nunzio Sulprizio,label,Q2111951,,,,,,http://commons.wikimedia.org/wiki/Special:FilePath/Nunzio%20Sulprizio.svg,Nunzio Sulprizio,http://www.wikidata.org/entity/Q2550,https://www.wikidata.org/wiki/Q2111951,public domain
st-oliver-plunkett,St. Oliver Plunkett,Oliver Plunkett,label,Q706874,"St. Peter's Roman Catholic Church, Drogheda",53.715388,-6.352418,,,http://commons.wikimedia.org/wiki/Special:FilePath/Oliver%20Plunket%20by%20Edward%20Luttrell.jpg,Oliver Plunket,http://www.wikidata.org/entity/Q2700,https://www.wikidata.org/wiki/Q706874,public domain
st-oscar-romero,St. Óscar Romero,Óscar Romero,label,Q293455,,,,,,http://commons.wikimedia.org/wiki/Special:FilePath/Monse%C3%B1or%20Romero%20%28colour%29.jpg,Óscar Arnulfo Romero,http://www.wikidata.org/entity/Q2453,https://www.wikidata.org/wiki/Q293455,public domain
st-paola-elisabetta-cerioli,St. Paola Elisabetta Cerioli,Paola Elisabetta Cerioli,label,Q447198,,,,,,http://commons.wikimedia.org/wiki/Special:FilePath/Paola%20Elisabetta%20Cerioli.jpg,,http://www.wikidata.org/entity/Q2705,https://www.wikidata.org/wiki/Q447198,needs review: CC BY-SA 4.0
st-paul-vi,St. Paul VI,Paul VI,label,Q16975,Vatican Grotto,41.90222222,12.45333333,Franciscans,,http://commons.wikimedia.org/wiki/Special:FilePath/Pope%20Paul%20VI%201969%20Portrait%20%284x5%20cropped%29.jpg,Paulus VI,http://www.wikidata.org/entity/Q2885,https://www.wikidata.org/wiki/Q16975,public domain
st-paula-frassinetti,St. Paula Frassinetti,Paula Frassinetti,label,Q288906,,,,Dominican Order,,http://commons.wikimedia.org/wiki/Special:FilePath/Paola%20frassinetti.jpg,Paola Frassinetti,http://www.wikidata.org/entity/Q2617,https://www.wikidata.org/wiki/Q288906,public domain
st-paula-montal-fornes,St. Paula Montal Fornés,Paula Montal Fornés,label,Q440088,,,,Institute of Religious Daughters of Mary of the Pious Schools,,http://commons.wikimedia.org/wiki/Special:FilePath/Sainte%20Paula%20de%20Saint%20Joseph%20Casalanz.jpg,Paula Montal Fornés,http://www.wikidata.org/entity/Q2359,https://www.wikidata.org/wiki/Q440088,public domain
st-pedro-calungsod,St. Pedro Calungsod,Pedro Calungsod,label,Q467246,,,,,,http://commons.wikimedia.org/wiki/Special:FilePath/Pedro%20Calungsod%202012%20stamp%20%28cropped%29.jpg,Pedro Calungsod,http://www.wikidata.org/entity/Q2960,https://www.wikidata.org/wiki/Q467246,public domain
st-pedro-poveda-castroverde,St. Pedro Poveda Castroverde,Pedro Poveda Castroverde,label,Q1312926,Sacramental de San Lorenzo y San José cemetery,40.39361111,-3.71655278,,,http://commons.wikimedia.org/wiki/Special:FilePath/Pedro%20Poveda.jpg,Pedro Póveda,http://www.wikidata.org/entity/Q2718,https://www.wikidata.org/wiki/Q1312926,public domain
st-peter-faber,St. Peter Faber,Peter Faber,label,Q454814,Church of the Gesù,41.895833333,12.479722222,Society of Jesus,,http://commons.wikimedia.org/wiki/Special:FilePath/Pierre%20Favre%20%281506-1546%29.jpg,Petrus Faber,http://www.wikidata.org/entity/Q2788,https://www.wikidata.org/wiki/Q454814,public domain
st-peter-to-rot,St. Peter To Rot,Peter To Rot,label,Q15995788,,,,,,,,http://www.wikidata.org/entity/Q2694,https://www.wikidata.org/wiki/Q15995788,
st-peter-of-saint-joseph-betancur,St. Peter of Saint Joseph Betancur,Peter of Saint Joseph Betancur,label,Q365420,,,,Order of the Brothers of Bethlehem; Third Order of Saint Francis,,http://commons.wikimedia.org/wiki/Special:FilePath/Sanhermanopedro.JPG,Peter of Saint Joseph Betancur,http://www.wikidata.org/entity/Q2529,https://www.wikidata.org/wiki/Q365420,public domain
st-philip,St. Philip,Philip the Arab,"AMBIGUOUS 36: Q1817,Q176912,Q247747,Q248817",Q1817,,,,,,http://commons.wikimedia.org/wiki/Special:FilePath/Philippus%20Arabicus.jpg,Philippus Arabus,,https://www.wikidata.org/wiki/Q1817,needs review: CC BY-SA 4.0
st-pier-giorgio-frassati,St. Pier Giorgio Frassati,Pier Giorgio Frassati,label,Q679784,Turin Cathedral,45.07332,7.685435,Third Order of Saint Dominic,,http://commons.wikimedia.org/wiki/Special:FilePath/PierGiorgioFrassati-Pr%C3%A9sentation.jpg,Pier Giorgio Frassati,http://www.wikidata.org/entity/Q2698,https://www.wikidata.org/wiki/Q679784,public domain
st-pompilio-maria-pirrotti,St. Pompilio Maria Pirrotti,Pompilio Maria Pirrotti,label,Q954021,,,,Piarists,,http://commons.wikimedia.org/wiki/Special:FilePath/Pompilio%20Maria%20Pirrotti.jpg,Pompilio Maria Pirrotti,http://www.wikidata.org/entity/Q2686,https://www.wikidata.org/wiki/Q954021,public domain
st-rafael-arnaiz-baron,St. Rafael Arnáiz Barón,Rafael Arnaiz Barón,label,Q639347,,,,Order of Cistercians of the Strict Observance,,http://commons.wikimedia.org/wiki/Special:FilePath/Rafael%20Arnaiz%20Bar%C3%B3n.jpg,Rafael Arnáiz Barón,http://www.wikidata.org/entity/Q2533,https://www.wikidata.org/wiki/Q639347,public domain
st-raphael-kalinowski,St. Raphael Kalinowski,Raphael Kalinowski,label,Q941608,,,,Carmelites; Order of the Brothers Discalced of the Blessed Virgin Mary of Mount Carmel,,http://commons.wikimedia.org/wiki/Special:FilePath/Kalinowski1897.jpg,Rafał Kalinowski,http://www.wikidata.org/entity/Q3026,https://www.wikidata.org/wiki/Q941608,public domain
st-richard-pampuri,St. Richard Pampuri,Riccardo Pampuri,label,Q120768,Lombardy,45.65,9.95,Brothers Hospitallers of St. John of God,,http://commons.wikimedia.org/wiki/Special:FilePath/Pampuri.jpg,Riccardo Pampuri,http://www.wikidata.org/entity/Q2544,https://www.wikidata.org/wiki/Q120768,public domain
st-roque-gonzalez-de-santa-cruz,St. Roque González de Santa Cruz,Roque González de Santa Cruz,label,Q245621,,,,Society of Jesus,,http://commons.wikimedia.org/wiki/Special:FilePath/Roque%20Gonz%C3%A1lez%20de%20Santa%20Cruz.jpg,Roque González de Santa Cruz,http://www.wikidata.org/entity/Q2982,https://www.wikidata.org/wiki/Q245621,public domain
st-rose-venerini,St. Rose Venerini,Rose Venerini,label,Q434886,,,,,,http://commons.wikimedia.org/wiki/Special:FilePath/Rosa%20Venerini.jpg,Rose Venerini,http://www.wikidata.org/entity/Q2553,https://www.wikidata.org/wiki/Q434886,public domain
st-salvador-of-horta,St. Salvador of Horta,Salvador of Horta,label,Q1347691,Santa Rosalia (Cagliari),39.215138888,9.115916666,Order of Friars Minor,,http://commons.wikimedia.org/wiki/Special:FilePath/Salvador%20von%20Horta2.jpg,Salvator of Horta,http://www.wikidata.org/entity/Q2422,https://www.wikidata.org/wiki/Q1347691,public domain
st-simon-de-rojas,St. Simón de Rojas,Simón de Rojas,label,Q201840,,,,Trinitarian Order,,http://commons.wikimedia.org/wiki/Special:FilePath/Simonrojas2.jpg,Simón de Rojas,http://www.wikidata.org/entity/Q2883,https://www.wikidata.org/wiki/Q201840,public domain
st-stanislaw-kazimierczyk,St. Stanisław Kazimierczyk,Stanisław Kazimierczyk,label,Q1498465,Kraków,50.061388888,19.937222222,Canons Regular of the Lateran,,http://commons.wikimedia.org/wiki/Special:FilePath/Stanislaw%20Kazimierczyk%20painting.jpg,Stanisław Kazimierczyk,http://www.wikidata.org/entity/Q2547,https://www.wikidata.org/wiki/Q1498465,public domain
st-stanislaw-papczynski,St. Stanisław Papczyński,Stanisław Papczyński,label,Q731556,Church of the Lord's Supper in Góra Kalwaria,51.9765,21.2046,Piarists,,http://commons.wikimedia.org/wiki/Special:FilePath/Fr%20pap%20shadow.jpg,Stanisław Papczyński,http://www.wikidata.org/entity/Q2894,https://www.wikidata.org/wiki/Q731556,public domain
st-szymon-of-lipnica,St. Szymon of Lipnica,Szymon of Lipnica,label,Q1377142,Church of St. Bernard of Siena in Kraków,50.0534,19.9386,Franciscans,,http://commons.wikimedia.org/wiki/Special:FilePath/Szymon%20z%20Lipnicy%20%28sculpture%29.jpg,Szymon z Lipnicy,http://www.wikidata.org/entity/Q2730,https://www.wikidata.org/wiki/Q1377142,needs review: CC BY-SA 3.0
st-teresa-jornet-ibars,St. Teresa Jornet Ibars,St. Teresa of Jesus Jornet,label,Q467186,,,,Carmelites,,http://commons.wikimedia.org/wiki/Special:FilePath/TereJornet.jpg,Teresa Jornet,http://www.wikidata.org/entity/Q2820,https://www.wikidata.org/wiki/Q467186,public domain
st-teresa-margaret-of-the-sacred-heart,St. Teresa Margaret of the Sacred Heart,Teresa Margaret Redi,label,Q168304,Florence,43.771388888,11.254166666,Order of Discalced Nuns of the Blessed Virgin Mary of Mount Carmel,,http://commons.wikimedia.org/wiki/Special:FilePath/Teresa%20Margaret%20of%20the%20Sacred%20Heart.jpg,Teresa Margaret of the Sacred Heart,http://www.wikidata.org/entity/Q2394,https://www.wikidata.org/wiki/Q168304,public domain
st-teresa-of-jesus-of-los-andes,St. Teresa of Jesus of Los Andes,Teresa of the Andes,label,Q256166,Santuario de Santa Teresa de Los Andes,-32.892775,-70.67921,Order of Discalced Nuns of the Blessed Virgin Mary of Mount Carmel,,http://commons.wikimedia.org/wiki/Special:FilePath/Teresa%20de%20Los%20Andes%20con%20habito%20de%20Carmelita%20Descalza.jpg,Teresa of the Andes,http://www.wikidata.org/entity/Q2499,https://www.wikidata.org/wiki/Q256166,public domain
st-theodore-guerin,St. Théodore Guérin,Théodore Guérin,label,Q434579,Sisters of Providence Convent Cemetery,39.5095,-87.4566,Sisters of Providence of Saint Mary-of-the-Woods,,http://commons.wikimedia.org/wiki/Special:FilePath/Saint%20Mother%20Theodore%208x10.jpg,Théodore Guérin,http://www.wikidata.org/entity/Q2931,https://www.wikidata.org/wiki/Q434579,public domain
st-theophilus-of-corte,St. Theophilus of Corte,Saint Theophilus of Corte,label,Q524159,,,,Order of Friars Minor,,http://commons.wikimedia.org/wiki/Special:FilePath/Alando%20st%20Th%C3%A9ophile%20de%20Corte.jpg,Saint Theophilus of Corte,http://www.wikidata.org/entity/Q2578,https://www.wikidata.org/wiki/Q524159,needs review: CC BY-SA 3.0
st-therese-couderc,St. Thérèse Couderc,Thérèse Couderc,label,Q461915,,,,Sisters of the Cenacle,,http://commons.wikimedia.org/wiki/Special:FilePath/M%C3%A8re%20Th%C3%A9r%C3%A8se%20COUDERC.jpg,Thérèse Couderc,http://www.wikidata.org/entity/Q2885,https://www.wikidata.org/wiki/Q461915,needs review: CC BY-SA 3.0
st-thomas-of-cori,St. Thomas of Cori,Thomas of Cori,label,Q2119087,,,,Order of Friars Minor,,http://commons.wikimedia.org/wiki/Special:FilePath/Tommaso%20da%20Cori%2C%20panoramio.jpg,Tommaso da Cori,http://www.wikidata.org/entity/Q2247,https://www.wikidata.org/wiki/Q2119087,needs review: CC BY 3.0
st-titus-brandsma,St. Titus Brandsma,Titus Brandsma,label,Q454645,,,,Carmelites,journalist,http://commons.wikimedia.org/wiki/Special:FilePath/TitusBrandsma.jpg,Titus Brandsma,http://www.wikidata.org/entity/Q2719,https://www.wikidata.org/wiki/Q454645,public domain
st-ursula-ledochowska,St. Ursula Ledóchowska,Ursula Ledóchowska,label,Q78649,Campo Verano,41.901516046,12.520300467,Congregation of the Ursulines of the Agonizing Heart of Jesus; Sisters Ursulines of the Roman Union,,http://commons.wikimedia.org/wiki/Special:FilePath/Ursula%20Leduhovskaya%20in%201907.jpg,Urszula Ledóchowska,http://www.wikidata.org/entity/Q2589,https://www.wikidata.org/wiki/Q78649,public domain
st-vincent-pallotti,St. Vincent Pallotti,Vincent Pallotti,label,Q505937,Rome,41.893055555,12.482777777,Pallottines,,http://commons.wikimedia.org/wiki/Special:FilePath/San%20Vincenzo%20Pallotti.jpg,Saint Vincent Pallotti,http://www.wikidata.org/entity/Q2275,https://www.wikidata.org/wiki/Q505937,public domain
st-vincentia-maria-lopez-y-vicuna,St. Vincentia Maria López y Vicuña,Vincentia Maria López y Vicuña,label,Q457672,,,,,,http://commons.wikimedia.org/wiki/Special:FilePath/VicentaLopezVicu%C3%B1a.jpg,Vicenta María López y Vicuña,http://www.wikidata.org/entity/Q2761,https://www.wikidata.org/wiki/Q457672,public domain
st-vincenza-gerosa,St. Vincenza Gerosa,Vincenza Gerosa,label,Q457274,,,,,,http://commons.wikimedia.org/wiki/Special:FilePath/Ven.%20suor%20Vincenza%20Gerosa%20%281784-1847%29%2C%20immagine%20circa%201905.png,Vincenza Gerosa,http://www.wikidata.org/entity/Q2660,https://www.wikidata.org/wiki/Q457274,public domain
st-vincenza-maria-poloni,St. Vincenza Maria Poloni,Vincenza Maria Poloni,label,Q245767,,,,,,http://commons.wikimedia.org/wiki/Special:FilePath/Vincenza%20Maria%20Poloni%202.jpg,Vincenza Maria Poloni,http://www.wikidata.org/entity/Q2987,https://www.wikidata.org/wiki/Q245767,public domain
st-vincenzo-grossi,St. Vincenzo Grossi,Vincenzo Grossi,label,Q4013314,,,,,,,,http://www.wikidata.org/entity/Q2989,https://www.wikidata.org/wiki/Q4013314,
st-vincenzo-romano,St. Vincenzo Romano,Vicenç Romano,label,Q4013502,,,,,,http://commons.wikimedia.org/wiki/Special:FilePath/Vinzenz%20Dominikus%20Romano.jpg,Vincent Romano,http://www.wikidata.org/entity/Q2455,https://www.wikidata.org/wiki/Q4013502,public domain
st-virginia-centurione-bracelli,St. Virginia Centurione Bracelli,Virginia Centurione Bracelli,label,Q436723,,,,,,http://commons.wikimedia.org/wiki/Special:FilePath/Virgina%20Centurione%20Pittura%20Busto.jpg,Virginia Centurione Bracelli,http://www.wikidata.org/entity/Q2383,https://www.wikidata.org/wiki/Q436723,public domain
st-zygmunt-gorazdowski,St. Zygmunt Gorazdowski,Zygmunt Gorazdowski,label,Q1355836,Lychakiv Cemetery,49.8325,24.056111111,,,http://commons.wikimedia.org/wiki/Special:FilePath/Zygmunt%20Gorazdowski%20%281845-1920%29.jpg,Zygmunt Gorazdowski,http://www.wikidata.org/entity/Q2661,https://www.wikidata.org/wiki/Q1355836,public domain
st-zygmunt-szczesny-felinski,St. Zygmunt Szczęsny Feliński,Zygmunt Szczęsny Feliński,label,Q245399,St. John's Archcathedral,52.248888888,21.013611111,,,http://commons.wikimedia.org/wiki/Special:FilePath/Zygmunt%20Szczesny%20Felinski%20%28784357%29%20%28cropped%29.jpg,Zygmunt Szczęsny Feliński,http://www.wikidata.org/entity/Q2894,https://www.wikidata.org/wiki/Q245399,public domain
st-hedwige,St. Hedwige,Hedwige,search,Q65177200,,,,,,,,,https://www.wikidata.org/wiki/Q65177200,
st-junipero-serra,St. Junipero Serra,Junípero Serra,search,Q522107,Mission San Carlos Borromeo de Carmelo,36.542777777,-121.919166666,Discalced franciscans,,http://commons.wikimedia.org/wiki/Special:FilePath/Engraving%20of%20Jun%C3%ADpero%20Serra%20%281787%29%20%28cropped%29.jpg,Junípero Serra,http://www.wikidata.org/entity/Q2700,https://www.wikidata.org/wiki/Q522107,public domain
st-mother-teresa-of-calcutta,St. Mother Teresa of Calcutta,Mother Teresa of Calcutta,search,Q1747644,,,,,,,,,https://www.wikidata.org/wiki/Q1747644,
sts-cosmas-and-damian,Sts. Cosmas and Damian,Saints Cosmas and Damian,search,Q76486,,,,,House of Medici,http://commons.wikimedia.org/wiki/Special:FilePath/Huguet-santsAbdoSenen-0001.jpg,Saints Cosmas and Damian,http://www.wikidata.org/entity/Q2997,https://www.wikidata.org/wiki/Q76486,needs review: CC BY-SA 3.0
sts-perpetua-and-felicity,Sts. Perpetua and Felicity,Perpetua and Felicity,search,Q771956,,,,,,http://commons.wikimedia.org/wiki/Special:FilePath/Perpetua%2C%20Felicitas%2C%20Revocatus%2C%20Saturninus%20and%20Secundulus%20%28Menologion%20of%20Basil%20II%29.jpg,Vibia Perpetua,http://www.wikidata.org/entity/Q2394,https://www.wikidata.org/wiki/Q771956,public domain
sts-simon-and-jude,Sts. Simon and Jude,Simon and Jude,search,Q10400498,,,,,,http://commons.wikimedia.org/wiki/Special:FilePath/Ottrott%20StsSimon-Jude07.JPG,Saints Simon and Jude churches,,https://www.wikidata.org/wiki/Q10400498,public domain
st-turibius,St. Turibius,Turibius,search,Q137830523,,,,,,,Turibius (given name),,https://www.wikidata.org/wiki/Q137830523,
st-wenceslas,St. Wenceslas,Wenceslas,search,Q35001028,,,,,,,Wenceslas (given name),,https://www.wikidata.org/wiki/Q35001028,
st-emilie-de-rodat,St. Émilie de Rodat,Emilie de Rodat,search,Q286818,,,,,,http://commons.wikimedia.org/wiki/Special:FilePath/EmiliedeRodat.jpeg,Émilie de Rodat,http://www.wikidata.org/entity/Q2896,https://www.wikidata.org/wiki/Q286818,public domain
st-jose-maria-de-yermo-y-parres,St. José María de Yermo y Parres,José Maria de Yermo y Parres,search,Q1707576,,,,,,http://commons.wikimedia.org/wiki/Special:FilePath/San%20Jos%C3%A9%20de%20Yermo%20y%20los%20hermanos%20Tritschler.JPG,José María Yermo y Parres,http://www.wikidata.org/entity/Q2892,https://www.wikidata.org/wiki/Q1707576,public domain
st-jose-sanchez-del-rio,St. José Sánchez del Río,Jose Sanchez del Rio,search,Q2642317,,,,,,http://commons.wikimedia.org/wiki/Special:FilePath/Jos%C3%A9%20S%C3%A1nchez%20del%20R%C3%ADo.jpg,José Sánchez del Río,http://www.wikidata.org/entity/Q2325,https://www.wikidata.org/wiki/Q2642317,public domain
st-maria-crocifissa-di-rosa,St. Maria Crocifissa Di Rosa,Maria Crocifissa di Rosa,search,Q459108,Brescia,45.538888888,10.220280555,,,http://commons.wikimedia.org/wiki/Special:FilePath/Santa%20Maria%20Crocifissa%20Di%20Rosa.jpg,Maria Crocifissa di Rosa,http://www.wikidata.org/entity/Q2383,https://www.wikidata.org/wiki/Q459108,needs review: CC BY-SA 3.0
st-maria-micaela-desmaisieres,St. María Micaela Desmaisières,Maria Micaela Desmaisieres,search,Q440077,,,,"Sisters of Adoration, Handmaids of the Blessed Sacrament and of Charity",,http://commons.wikimedia.org/wiki/Special:FilePath/Micaela%20Desmaisi%C3%A8res.jpg,María Micaela del Santísimo Sacramento,http://www.wikidata.org/entity/Q2825,https://www.wikidata.org/wiki/Q440077,public domain
st-michael-garicoits,St. Michael Garicoïts,Michael Garicoits,search,Q977986,,,,Society of Priests of the Sacred Heart of Betharram,,http://commons.wikimedia.org/wiki/Special:FilePath/Michele%20Garicoits%20-%20disegno.jpg,Michael Garicoits,http://www.wikidata.org/entity/Q2561,https://www.wikidata.org/wiki/Q977986,public domain
st-rafqa-pietra-choboq-ar-rayes,St. Rafqa Pietra Choboq Ar-Rayès,Rafqa Pietra Choboq Ar-Rayes,search,Q268204,Lebanon,33.833333,35.766667,Baladites; Lebanese Maronite Order,,http://commons.wikimedia.org/wiki/Special:FilePath/Sainte%20Rafqa.jpg,Rafqa Pietra Choboq Ar-Rayès,http://www.wikidata.org/entity/Q2445,https://www.wikidata.org/wiki/Q268204,needs review: CC BY-SA 4.0
st-stephen-pongracz,St. Stephen Pongrácz,Stephen Pongracz,search,Q832681,,,,Society of Jesus,,http://commons.wikimedia.org/wiki/Special:FilePath/PongraczIstvan.gif,István Pongrácz (1582-1619),http://www.wikidata.org/entity/Q2852,https://www.wikidata.org/wiki/Q832681,public domain
st-stephen-of-hungary,St. Stephen of Hungary,Stephen of Hungary,search,Q16878778,,,,,,,,,https://www.wikidata.org/wiki/Q16878778,
